evidence_id,economic_variable,exact_quotation,quotation_location,table_or_appendix_location,source_named_by_authors,frequency_stated_by_authors,units_stated_by_authors,transformation,sample,estimator,unresolved_ambiguity
RATE_EV_01,Federal funds rate level (FFR) as ICAPM state variable,"The data on the FFR and the 3-month TB rate are from the St. Louis Federal Reserve Bank.",article_pdf:p.935:Section III.B Data:paragraph 1,article_pdf:p.936:Table 1 Panel A row FFR-tilde,St. Louis Federal Reserve Bank,not stated; monthly is implied by the monthly asset-pricing design,not stated,none before the AR(1) model,article_pdf:p.935 states the sample period is Jan. 1972-Dec. 2013,not applicable (raw state variable),"The authors name a provider but no series code, no vintage, no seasonal-adjustment status, and no aggregation rule from daily to monthly. FEDFUNDS is a documented reconstruction of this concept, not a verified exact input."
RATE_EV_02,Three-month Treasury-bill rate level (TB) as ICAPM state variable,"The data on the FFR and the 3-month TB rate are from the St. Louis Federal Reserve Bank.",article_pdf:p.935:Section III.B Data:paragraph 1,supplement_zip:appendix_pdf:p.20:Table A.1,St. Louis Federal Reserve Bank,not stated; monthly is implied by the monthly asset-pricing design,not stated,none before the AR(1) model,article_pdf:p.935 states the sample period is Jan. 1972-Dec. 2013,not applicable (raw state variable),"The authors write 3-month TB rate without distinguishing the secondary-market rate from the auction-based or constant-maturity rate, and give no series code, vintage, or daily-to-monthly aggregation rule. TB3MS is a documented reconstruction of this concept, not a verified exact input. No daily series is named anywhere in the article or supplement."
RATE_EV_03,Federal funds rate innovation (FFR-tilde) baseline hedging factor,"the innovations in both ICAPM state variables are obtained from the following AR(1) processes: FFR_{t+1} = 0.000 + 0.991 FFR_t, R2 = 0.98, (0.99) (147.26)",article_pdf:p.935:Section III.B Data:displayed AR equations,article_pdf:p.936:Table 1 Panel A row FFR-tilde,derived from the St. Louis Federal Reserve Bank federal funds rate,monthly,"reported in percent in Table 1; the article does not state whether this is an annualized rate percentage point or a monthly percent",AR(1) residual with intercept,article_pdf:p.935 states Jan. 1972-Dec. 2013,OLS with reported t-ratios in parentheses,"The article does not state the first regression pair. If the AR(1) is estimated on regressor months 1972:01-2013:11 the innovation exists only for 1972:02-2013:12 (503 months); if the rate level is drawn from 1971:12 the innovation covers all 504 baseline months. The article also does not state whether the AR(1) coefficients are rounded for display or are the estimates actually used to form the residual."
RATE_EV_04,Treasury-bill rate innovation (TB-tilde) alternative hedging factor,"TB_{t+1} = 0.000 + 0.992 TB_t, R2 = 0.98, (0.89) (153.18)",article_pdf:p.935:Section III.B Data:displayed AR equations,article_pdf:p.936:Table 1 Panel A row TB-tilde,derived from the St. Louis Federal Reserve Bank 3-month Treasury-bill rate,monthly,"reported in percent in Table 1; the article does not state whether this is an annualized rate percentage point or a monthly percent",AR(1) residual with intercept,article_pdf:p.935 states Jan. 1972-Dec. 2013,OLS with reported t-ratios in parentheses,"Same first-regression-pair ambiguity as RATE_EV_03. The article says and similarly for TB rather than writing the residual definition out."
RATE_EV_05,Explicit residual definition for the baseline innovation,"The innovation in the FFR is given by FFR-tilde_{t+1} = FFR_{t+1} - 0.000 - 0.991 FFR_t and similarly for TB.",article_pdf:p.935:Section III.B Data:sentence following the AR equations,article_pdf:p.936:Table 1 Panel A,not applicable,monthly,not stated,residual of the AR(1) with intercept,article_pdf:p.935 states Jan. 1972-Dec. 2013,OLS residual,"The displayed formula uses the rounded coefficients 0.000 and 0.991. The article does not say whether the empirical factor was built from rounded or unrounded coefficients; the two differ materially for a coefficient reported to three decimals against a rate level that reaches 19 percent."
RATE_EV_06,Timing of the innovation in the first-pass regression,"R_{i,t+1} - R_{f,t+1} = delta_i + beta_{i,M} RM_{t+1} + beta_{i,FFR} FFR-tilde_{t+1} + epsilon_{i,t+1}",article_pdf:p.932:Section III.A Econometric Methodology:equation (3),article_pdf:p.939-p.942:Table 4,not applicable,monthly,excess returns in percent per month,contemporaneous same-month alignment of the return and the innovation,article_pdf:p.935 states Jan. 1972-Dec. 2013,OLS time-series multiple regression per test asset,"The equation fixes contemporaneous alignment unambiguously. It does not state the residual covariance estimator or Newey-West lag rule for the first pass."
RATE_EV_07,Alternative first-difference rate factors (appendix robustness only),"Following Hahn and Lee (2006) and Maio and Santa-Clara (2012), the innovation in the Fed funds rate corresponds to the first-difference in this variable, FFR-tilde_{t+1} = FFR_{t+1} - FFR_t, and similarly for TB.",supplement_zip:appendix_pdf:Section 2.1 Alternative interest rate factors,supplement_zip:appendix_pdf:p.21:Table A.2,derived from the same St. Louis Federal Reserve Bank rate levels,monthly,not stated,first difference of the rate level,article_pdf:p.935 states Jan. 1972-Dec. 2013,not applicable (deterministic transformation),"This is an explicitly labelled robustness alternative and does not redefine the baseline. No separate source or vintage is given."
RATE_EV_08,One-month Treasury-bill return used to form excess returns,"The 1-month TB used to construct portfolio excess returns is obtained from Kenneth French's data library.",article_pdf:p.937:Section III.B Data:paragraph on test assets,article_pdf:p.937:Table 2,Kenneth French data library,monthly,percent per month,none; used directly as the risk-free return,article_pdf:p.935 states Jan. 1972-Dec. 2013,not applicable,"The library file is not named and no archive vintage is given. This is the one rate input for which the article identifies a specific provider file concept that maps to a single public series (the RF column of the Fama-French research factor file)."
RATE_EV_09,Restricted-sample endpoint for rate-factor robustness,"We estimate the ICAPM for a subsample that ends in 2006:12.",supplement_zip:appendix_pdf:Section 2.2 Restricted sample,supplement_zip:appendix_pdf:p.21:Table A.3,not applicable,monthly,not applicable,none,1972:01-2006:12,two-pass OLS with Shanken standard errors,"The appendix does not state whether the AR(1) innovation is re-estimated on the restricted sample or carried over from the full-sample estimation."
