portfolio_set,model,asset,family,decile,n_assets,beta_rate,lambda_rate_full,lambda_rate_leave_one_out,delta_lambda_rate,shanken_se_lambda_rate_full,shanken_se_lambda_rate_leave_one_out,standardized_dfbeta,abs_standardized_dfbeta,reaches_threshold,role
all_seven_families_joint,market_plus_fedfunds_innovation,book_to_market__decile_01,book_to_market,decile_01,70,0.2871017855470292,-0.6984645567038997,-0.6912434402332839,-0.0072211164706158515,0.2442575678446596,0.23865666564475368,-0.029563532194049613,0.029563532194049613,False,confirmatory
all_seven_families_joint,market_plus_fedfunds_innovation,book_to_market__decile_02,book_to_market,decile_02,70,0.075350099152168,-0.6984645567038997,-0.6986348269997329,0.00017027029583316367,0.2442575678446596,0.24400798362478807,0.000697093225547265,0.000697093225547265,False,confirmatory
all_seven_families_joint,market_plus_fedfunds_innovation,book_to_market__decile_03,book_to_market,decile_03,70,-0.21008890642284012,-0.6984645567038997,-0.7041007564759943,0.005636199772094619,0.2442575678446596,0.24701557852711584,0.02307482147566077,0.02307482147566077,False,confirmatory
all_seven_families_joint,market_plus_fedfunds_innovation,book_to_market__decile_04,book_to_market,decile_04,70,-0.08599743601653978,-0.6984645567038997,-0.6986983822952879,0.00023382559138818149,0.2442575678446596,0.24416852052739704,0.0009572910819159858,0.0009572910819159858,False,confirmatory
all_seven_families_joint,market_plus_fedfunds_innovation,book_to_market__decile_05,book_to_market,decile_05,70,0.02063896904613116,-0.6984645567038997,-0.7003150564868321,0.001850499782932391,0.2442575678446596,0.24589471687434913,0.007576018214138825,0.007576018214138825,False,confirmatory
all_seven_families_joint,market_plus_fedfunds_innovation,book_to_market__decile_06,book_to_market,decile_06,70,0.0012498509568634047,-0.6984645567038997,-0.7004342951169048,0.0019697384130050732,0.2442575678446596,0.24549733162932125,0.008064185811666508,0.008064185811666508,False,confirmatory
all_seven_families_joint,market_plus_fedfunds_innovation,book_to_market__decile_07,book_to_market,decile_07,70,-0.3917123701555003,-0.6984645567038997,-0.7000533670394099,0.0015888103355101713,0.2442575678446596,0.24509317272179,0.006504651419933102,0.006504651419933102,False,confirmatory
all_seven_families_joint,market_plus_fedfunds_innovation,book_to_market__decile_08,book_to_market,decile_08,70,-0.16906107611414867,-0.6984645567038997,-0.6951432404703891,-0.0033213162335106183,0.2442575678446596,0.24164750477441238,-0.013597598071650637,0.013597598071650637,False,confirmatory
all_seven_families_joint,market_plus_fedfunds_innovation,book_to_market__decile_09,book_to_market,decile_09,70,-0.340993858428019,-0.6984645567038997,-0.7012263525083559,0.002761795804456124,0.2442575678446596,0.2422646386585793,0.01130689963396566,0.01130689963396566,False,confirmatory
all_seven_families_joint,market_plus_fedfunds_innovation,book_to_market__decile_10,book_to_market,decile_10,70,-0.47924537154162583,-0.6984645567038997,-0.6838442964580838,-0.014620260245815975,0.2442575678446596,0.2388054845791294,-0.05985591510971736,0.05985591510971736,False,confirmatory
all_seven_families_joint,market_plus_fedfunds_innovation,earnings_to_price__decile_01,earnings_to_price,decile_01,70,0.3674037770031306,-0.6984645567038997,-0.6890043881433074,-0.009460168560592286,0.2442575678446596,0.2370620247134241,-0.03873029869276626,0.03873029869276626,False,confirmatory
all_seven_families_joint,market_plus_fedfunds_innovation,earnings_to_price__decile_02,earnings_to_price,decile_02,70,0.21515810939249336,-0.6984645567038997,-0.6971267696171669,-0.0013377870867328223,0.2442575678446596,0.2444902659195935,-0.0054769524585769,0.0054769524585769,False,confirmatory
all_seven_families_joint,market_plus_fedfunds_innovation,earnings_to_price__decile_03,earnings_to_price,decile_03,70,-0.11713719354840524,-0.6984645567038997,-0.6999336828365739,0.0014691261326741367,0.2442575678446596,0.24497152698156754,0.006014659630150974,0.006014659630150974,False,confirmatory
all_seven_families_joint,market_plus_fedfunds_innovation,earnings_to_price__decile_04,earnings_to_price,decile_04,70,-0.05449604576900344,-0.6984645567038997,-0.6985466471903735,8.209048647378481e-05,0.2442575678446596,0.24427380985339806,0.0003360816501947316,0.0003360816501947316,False,confirmatory
all_seven_families_joint,market_plus_fedfunds_innovation,earnings_to_price__decile_05,earnings_to_price,decile_05,70,-0.17985100381793068,-0.6984645567038997,-0.7027321408053366,0.004267584101436905,0.2442575678446596,0.2451400038346104,0.01747165559329142,0.01747165559329142,False,confirmatory
all_seven_families_joint,market_plus_fedfunds_innovation,earnings_to_price__decile_06,earnings_to_price,decile_06,70,-0.24684352196199272,-0.6984645567038997,-0.7007264769338114,0.0022619202299116736,0.2442575678446596,0.24456279778492587,0.009260389554644982,0.009260389554644982,False,confirmatory
all_seven_families_joint,market_plus_fedfunds_innovation,earnings_to_price__decile_07,earnings_to_price,decile_07,70,-0.2028675136929416,-0.6984645567038997,-0.6923258039435359,-0.006138752760363797,0.2442575678446596,0.24198291491933555,-0.025132292991093146,0.025132292991093146,False,confirmatory
all_seven_families_joint,market_plus_fedfunds_innovation,earnings_to_price__decile_08,earnings_to_price,decile_08,70,-0.2763733051652346,-0.6984645567038997,-0.6922140637173271,-0.006250492986572653,0.2442575678446596,0.2412644248925432,-0.025589761831034757,0.025589761831034757,False,confirmatory
all_seven_families_joint,market_plus_fedfunds_innovation,earnings_to_price__decile_09,earnings_to_price,decile_09,70,-0.53996682842143,-0.6984645567038997,-0.7159532022617301,0.017488645557830362,0.2442575678446596,0.25120236558392767,0.07159919634077667,0.07159919634077667,False,confirmatory
all_seven_families_joint,market_plus_fedfunds_innovation,earnings_to_price__decile_10,earnings_to_price,decile_10,70,-0.21546339895102934,-0.6984645567038997,-0.6916280964309192,-0.006836460272980571,0.2442575678446596,0.2404940234226539,-0.02798873473319915,0.02798873473319915,False,confirmatory
all_seven_families_joint,market_plus_fedfunds_innovation,equity_duration__decile_01,equity_duration,decile_01,70,-0.2757730743776661,-0.6984645567038997,-0.6943991700276555,-0.0040653866762442314,0.2442575678446596,0.2405613896625641,-0.016643851456138687,0.016643851456138687,False,confirmatory
all_seven_families_joint,market_plus_fedfunds_innovation,equity_duration__decile_02,equity_duration,decile_02,70,-0.6212963812089413,-0.6984645567038997,-0.7068643613036807,0.008399804599780958,0.2442575678446596,0.2546373439175566,0.034389127321217655,0.034389127321217655,False,confirmatory
all_seven_families_joint,market_plus_fedfunds_innovation,equity_duration__decile_03,equity_duration,decile_03,70,-0.21052604024417604,-0.6984645567038997,-0.6912012054796832,-0.007263351224216508,0.2442575678446596,0.2405545631625852,-0.02973644292092427,0.02973644292092427,False,confirmatory
all_seven_families_joint,market_plus_fedfunds_innovation,equity_duration__decile_04,equity_duration,decile_04,70,-0.2992811146997262,-0.6984645567038997,-0.6969594384889187,-0.001505118214981005,0.2442575678446596,0.2429853131784311,-0.006162012617509622,0.006162012617509622,False,confirmatory
all_seven_families_joint,market_plus_fedfunds_innovation,equity_duration__decile_05,equity_duration,decile_05,70,-0.03468774751433397,-0.6984645567038997,-0.6996161480211253,0.001151591317225531,0.2442575678446596,0.24499397630360203,0.0047146597232881155,0.0047146597232881155,False,confirmatory
all_seven_families_joint,market_plus_fedfunds_innovation,equity_duration__decile_06,equity_duration,decile_06,70,-0.10222213829188435,-0.6984645567038997,-0.6992642085574355,0.0007996518535358099,0.2442575678446596,0.24431807404353045,0.0032738058459845314,0.0032738058459845314,False,confirmatory
all_seven_families_joint,market_plus_fedfunds_innovation,equity_duration__decile_07,equity_duration,decile_07,70,-0.033996203455434026,-0.6984645567038997,-0.6989488508249563,0.0004842941210565499,0.2442575678446596,0.2444446236811911,0.001982719001625965,0.001982719001625965,False,confirmatory
all_seven_families_joint,market_plus_fedfunds_innovation,equity_duration__decile_08,equity_duration,decile_08,70,-0.13137619779919033,-0.6984645567038997,-0.6991527457553082,0.0006881890514084388,0.2442575678446596,0.24482858876694477,0.0028174727910420614,0.0028174727910420614,False,confirmatory
all_seven_families_joint,market_plus_fedfunds_innovation,equity_duration__decile_09,equity_duration,decile_09,70,0.1937273673461788,-0.6984645567038997,-0.7018685323140933,0.003403975610193566,0.2442575678446596,0.24435410403201016,0.013936008780527902,0.013936008780527902,False,confirmatory
all_seven_families_joint,market_plus_fedfunds_innovation,equity_duration__decile_10,equity_duration,decile_10,70,0.3853035677664105,-0.6984645567038997,-0.678948144025423,-0.019516412678476702,0.2442575678446596,0.2378775239324581,-0.07990095394255521,0.07990095394255521,False,confirmatory
all_seven_families_joint,market_plus_fedfunds_innovation,inventory_growth__decile_01,inventory_growth,decile_01,70,0.1378085262815926,-0.6984645567038997,-0.7117372388836033,0.013272682179703565,0.2442575678446596,0.24934522357466804,0.05433887800006503,0.05433887800006503,False,confirmatory
all_seven_families_joint,market_plus_fedfunds_innovation,inventory_growth__decile_02,inventory_growth,decile_02,70,-0.03906799453335866,-0.6984645567038997,-0.6993556247443935,0.0008910680404937699,0.2442575678446596,0.24448738300160372,0.0036480672773277676,0.0036480672773277676,False,confirmatory
all_seven_families_joint,market_plus_fedfunds_innovation,inventory_growth__decile_03,inventory_growth,decile_03,70,-0.0645053741149414,-0.6984645567038997,-0.6984647505518765,1.9384797678156929e-07,0.2442575678446596,0.2442551558636406,7.936211700300345e-07,7.936211700300345e-07,False,confirmatory
all_seven_families_joint,market_plus_fedfunds_innovation,inventory_growth__decile_04,inventory_growth,decile_04,70,-0.2787481552267323,-0.6984645567038997,-0.7048003831727132,0.006335826468813477,0.2442575678446596,0.2473066077632149,0.025939120432259728,0.025939120432259728,False,confirmatory
all_seven_families_joint,market_plus_fedfunds_innovation,inventory_growth__decile_05,inventory_growth,decile_05,70,-0.41941719616829937,-0.6984645567038997,-0.7203610713890796,0.021896514685179835,0.2442575678446596,0.2552644200573262,0.08964518429621536,0.08964518429621536,False,confirmatory
all_seven_families_joint,market_plus_fedfunds_innovation,inventory_growth__decile_06,inventory_growth,decile_06,70,-0.16239124077594566,-0.6984645567038997,-0.6993582360153305,0.0008936793114308061,0.2442575678446596,0.24475858321659802,0.0036587579222894704,0.0036587579222894704,False,confirmatory
all_seven_families_joint,market_plus_fedfunds_innovation,inventory_growth__decile_07,inventory_growth,decile_07,70,0.20886192148974358,-0.6984645567038997,-0.7002904203498108,0.0018258636459110855,0.2442575678446596,0.24791403319677133,0.007475156909251956,0.007475156909251956,False,confirmatory
all_seven_families_joint,market_plus_fedfunds_innovation,inventory_growth__decile_08,inventory_growth,decile_08,70,-0.010938040972533189,-0.6984645567038997,-0.698565260190921,0.00010070348702129195,0.2442575678446596,0.24409412274375306,0.00041228399967257643,0.00041228399967257643,False,confirmatory
all_seven_families_joint,market_plus_fedfunds_innovation,inventory_growth__decile_09,inventory_growth,decile_09,70,0.1661039221859966,-0.6984645567038997,-0.6995494778303425,0.0010849211264427616,0.2442575678446596,0.24287925494696067,0.0044417093644883035,0.0044417093644883035,False,confirmatory
all_seven_families_joint,market_plus_fedfunds_innovation,inventory_growth__decile_10,inventory_growth,decile_10,70,0.41092621682725206,-0.6984645567038997,-0.6980973906444184,-0.0003671660594812831,0.2442575678446596,0.24710509868056368,-0.0015031921537628245,0.0015031921537628245,False,confirmatory
all_seven_families_joint,market_plus_fedfunds_innovation,investment_to_assets__decile_01,investment_to_assets,decile_01,70,-0.12781201524500202,-0.6984645567038997,-0.6979261009168665,-0.0005384557870332651,0.2442575678446596,0.24373956272572966,-0.0022044589724880366,0.0022044589724880366,False,confirmatory
all_seven_families_joint,market_plus_fedfunds_innovation,investment_to_assets__decile_02,investment_to_assets,decile_02,70,-0.36185415680021554,-0.6984645567038997,-0.7009199465127249,0.0024553898088252035,0.2442575678446596,0.24711442964902694,0.01005246154905938,0.01005246154905938,False,confirmatory
all_seven_families_joint,market_plus_fedfunds_innovation,investment_to_assets__decile_03,investment_to_assets,decile_03,70,-0.1564290620165728,-0.6984645567038997,-0.6963809363338674,-0.002083620370032291,0.2442575678446596,0.24304763006827793,-0.008530422981028822,0.008530422981028822,False,confirmatory
all_seven_families_joint,market_plus_fedfunds_innovation,investment_to_assets__decile_04,investment_to_assets,decile_04,70,-0.09139276548611619,-0.6984645567038997,-0.6981145887187588,-0.0003499679851409754,0.2442575678446596,0.2441132343911496,-0.001432782567308393,0.001432782567308393,False,confirmatory
all_seven_families_joint,market_plus_fedfunds_innovation,investment_to_assets__decile_05,investment_to_assets,decile_05,70,-0.31644218561958337,-0.6984645567038997,-0.7053327314309664,0.006868174727066689,0.2442575678446596,0.24848284892154196,0.028118574943948677,0.028118574943948677,False,confirmatory
all_seven_families_joint,market_plus_fedfunds_innovation,investment_to_assets__decile_06,investment_to_assets,decile_06,70,-0.07848871708481683,-0.6984645567038997,-0.6984944688718897,2.991216798997609e-05,0.2442575678446596,0.24421806443034721,0.000122461581247707,0.000122461581247707,False,confirmatory
all_seven_families_joint,market_plus_fedfunds_innovation,investment_to_assets__decile_07,investment_to_assets,decile_07,70,-0.03280059936751034,-0.6984645567038997,-0.6984407329008414,-2.3823803058320436e-05,0.2442575678446596,0.24423838374331228,-9.753557799065473e-05,9.753557799065473e-05,False,confirmatory
all_seven_families_joint,market_plus_fedfunds_innovation,investment_to_assets__decile_08,investment_to_assets,decile_08,70,-0.01152425218175683,-0.6984645567038997,-0.6977537954387351,-0.0007107612651646722,0.2442575678446596,0.2433550966884815,-0.002909884313663087,0.002909884313663087,False,confirmatory
all_seven_families_joint,market_plus_fedfunds_innovation,investment_to_assets__decile_09,investment_to_assets,decile_09,70,0.22250219557384313,-0.6984645567038997,-0.7006291698044758,0.0021646131005760294,0.2442575678446596,0.24079329863726018,0.008862010375673017,0.008862010375673017,False,confirmatory
all_seven_families_joint,market_plus_fedfunds_innovation,investment_to_assets__decile_10,investment_to_assets,decile_10,70,0.34228783392703743,-0.6984645567038997,-0.6766529918550611,-0.021811564848838616,0.2442575678446596,0.2391058360022791,-0.08929739635625172,0.08929739635625172,False,confirmatory
all_seven_families_joint,market_plus_fedfunds_innovation,long_term_reversal__decile_01,long_term_reversal,decile_01,70,-0.10355707708580941,-0.6984645567038997,-0.6976126448386515,-0.0008519118652482449,0.2442575678446596,0.24380684298455685,-0.0034877603701926442,0.0034877603701926442,False,confirmatory
all_seven_families_joint,market_plus_fedfunds_innovation,long_term_reversal__decile_02,long_term_reversal,decile_02,70,-0.3720569019026301,-0.6984645567038997,-0.7035165545023228,0.005051997798423025,0.2442575678446596,0.246929276816737,0.02068307583262248,0.02068307583262248,False,confirmatory
all_seven_families_joint,market_plus_fedfunds_innovation,long_term_reversal__decile_03,long_term_reversal,decile_03,70,-0.3712525888164007,-0.6984645567038997,-0.6938991408911898,-0.004565415812709972,0.2442575678446596,0.24532174590737807,-0.018690990223948507,0.018690990223948507,False,confirmatory
all_seven_families_joint,market_plus_fedfunds_innovation,long_term_reversal__decile_04,long_term_reversal,decile_04,70,-0.22846598513518937,-0.6984645567038997,-0.7002413165165016,0.0017767598126018358,0.2442575678446596,0.24406556718967942,0.007274123902403716,0.007274123902403716,False,confirmatory
all_seven_families_joint,market_plus_fedfunds_innovation,long_term_reversal__decile_05,long_term_reversal,decile_05,70,-0.15032059431658618,-0.6984645567038997,-0.6955129678758767,-0.002951588828023044,0.2442575678446596,0.24299009533183558,-0.012083919667537855,0.012083919667537855,False,confirmatory
all_seven_families_joint,market_plus_fedfunds_innovation,long_term_reversal__decile_06,long_term_reversal,decile_06,70,-0.06017178443824575,-0.6984645567038997,-0.6983604186537224,-0.00010413805017728262,0.2442575678446596,0.24420970664234268,-0.0004263452350574098,0.0004263452350574098,False,confirmatory
all_seven_families_joint,market_plus_fedfunds_innovation,long_term_reversal__decile_07,long_term_reversal,decile_07,70,-0.07932642859369798,-0.6984645567038997,-0.6979178698760093,-0.0005466868278903858,0.2442575678446596,0.24404959008205906,-0.002238157174471098,0.002238157174471098,False,confirmatory
all_seven_families_joint,market_plus_fedfunds_innovation,long_term_reversal__decile_08,long_term_reversal,decile_08,70,-0.34249887285688146,-0.6984645567038997,-0.713749577089849,0.015285020385949255,0.2442575678446596,0.2533612449226041,0.06257746902511559,0.06257746902511559,False,confirmatory
all_seven_families_joint,market_plus_fedfunds_innovation,long_term_reversal__decile_09,long_term_reversal,decile_09,70,0.04635485591806049,-0.6984645567038997,-0.6963765622582301,-0.0020879944456696498,0.2442575678446596,0.2436453567881633,-0.00854833061711951,0.00854833061711951,False,confirmatory
all_seven_families_joint,market_plus_fedfunds_innovation,long_term_reversal__decile_10,long_term_reversal,decile_10,70,0.3247865925383222,-0.6984645567038997,-0.7014020341900109,0.002937477486111173,0.2442575678446596,0.2404538855491264,0.012026147283916785,0.012026147283916785,False,confirmatory
all_seven_families_joint,market_plus_fedfunds_innovation,ppe_investment__decile_01,ppe_investment,decile_01,70,-0.19413695787508461,-0.6984645567038997,-0.6951156853000273,-0.003348871403872411,0.2442575678446596,0.24399222296649664,-0.013710410012770582,0.013710410012770582,False,confirmatory
all_seven_families_joint,market_plus_fedfunds_innovation,ppe_investment__decile_02,ppe_investment,decile_02,70,-0.12285492678161974,-0.6984645567038997,-0.699155500617158,0.0006909439132583017,0.2442575678446596,0.24411756713905292,0.0028287513027957486,0.0028287513027957486,False,confirmatory
all_seven_families_joint,market_plus_fedfunds_innovation,ppe_investment__decile_03,ppe_investment,decile_03,70,-0.054084681728356565,-0.6984645567038997,-0.6985860127078679,0.0001214560039681789,0.2442575678446596,0.244313074821841,0.0004972456126535299,0.0004972456126535299,False,confirmatory
all_seven_families_joint,market_plus_fedfunds_innovation,ppe_investment__decile_04,ppe_investment,decile_04,70,-0.28952482012626635,-0.6984645567038997,-0.7080136207201886,0.009549064016288855,0.2442575678446596,0.2504734322526405,0.03909424015210767,0.03909424015210767,False,confirmatory
all_seven_families_joint,market_plus_fedfunds_innovation,ppe_investment__decile_05,ppe_investment,decile_05,70,0.07443733004356168,-0.6984645567038997,-0.6993291967659426,0.0008646400620428984,0.2442575678446596,0.24529297947767065,0.0035398701038110037,0.0035398701038110037,False,confirmatory
all_seven_families_joint,market_plus_fedfunds_innovation,ppe_investment__decile_06,ppe_investment,decile_06,70,-0.16313908625298454,-0.6984645567038997,-0.6993522173854457,0.0008876606815459986,0.2442575678446596,0.245782491294807,0.0036341174170313687,0.0036341174170313687,False,confirmatory
all_seven_families_joint,market_plus_fedfunds_innovation,ppe_investment__decile_07,ppe_investment,decile_07,70,0.047641288964805344,-0.6984645567038997,-0.697490013282193,-0.000974543421706775,0.2442575678446596,0.24362487418789588,-0.003989818740545861,0.003989818740545861,False,confirmatory
all_seven_families_joint,market_plus_fedfunds_innovation,ppe_investment__decile_08,ppe_investment,decile_08,70,0.05574154109652549,-0.6984645567038997,-0.7014662298543306,0.0030016731504308725,0.2442575678446596,0.2438969597040763,0.012288966834959421,0.012288966834959421,False,confirmatory
all_seven_families_joint,market_plus_fedfunds_innovation,ppe_investment__decile_09,ppe_investment,decile_09,70,0.23459037826281948,-0.6984645567038997,-0.6896330111487249,-0.008831545555174847,0.2442575678446596,0.24154952353018805,-0.03615669161494084,0.03615669161494084,False,confirmatory
all_seven_families_joint,market_plus_fedfunds_innovation,ppe_investment__decile_10,ppe_investment,decile_10,70,0.23262871276916336,-0.6984645567038997,-0.681989273185326,-0.016475283518573747,0.2442575678446596,0.24209623648106582,-0.0674504526674544,0.0674504526674544,False,confirmatory
book_to_market,market_plus_fedfunds_innovation,book_to_market__decile_01,book_to_market,decile_01,10,0.2871017855470292,-0.7601301178391229,-0.6722303759801259,-0.08789974185899696,0.3655866306175382,0.35260812693990706,-0.24043478206661795,0.24043478206661795,False,descriptive
book_to_market,market_plus_fedfunds_innovation,book_to_market__decile_02,book_to_market,decile_02,10,0.075350099152168,-0.7601301178391229,-0.763030705786308,0.0029005879471851737,0.3655866306175382,0.36231952601873707,0.007934064608121981,0.007934064608121981,False,descriptive
book_to_market,market_plus_fedfunds_innovation,book_to_market__decile_03,book_to_market,decile_03,10,-0.21008890642284012,-0.7601301178391229,-0.7900657891985207,0.029935671359397786,0.3655866306175382,0.39000837660297716,0.08188393352577289,0.08188393352577289,False,descriptive
book_to_market,market_plus_fedfunds_innovation,book_to_market__decile_04,book_to_market,decile_04,10,-0.08599743601653978,-0.7601301178391229,-0.7559398304724088,-0.004190287366714118,0.3655866306175382,0.36433688971361705,-0.011461817845023512,0.011461817845023512,False,descriptive
book_to_market,market_plus_fedfunds_innovation,book_to_market__decile_05,book_to_market,decile_05,10,0.02063896904613116,-0.7601301178391229,-0.7849117717805012,0.024781653941378323,0.3655866306175382,0.38447428909370296,0.06778599616599185,0.06778599616599185,False,descriptive
book_to_market,market_plus_fedfunds_innovation,book_to_market__decile_06,book_to_market,decile_06,10,0.0012498509568634047,-0.7601301178391229,-0.7893137733830031,0.02918365554388025,0.3655866306175382,0.38484588019380156,0.07982692226623297,0.07982692226623297,False,descriptive
book_to_market,market_plus_fedfunds_innovation,book_to_market__decile_07,book_to_market,decile_07,10,-0.3917123701555003,-0.7601301178391229,-0.7912208263538172,0.03109070851469431,0.3655866306175382,0.4092841287023768,0.085043341060303,0.085043341060303,False,descriptive
book_to_market,market_plus_fedfunds_innovation,book_to_market__decile_08,book_to_market,decile_08,10,-0.16906107611414867,-0.7601301178391229,-0.747430265934064,-0.012699851905058845,0.3655866306175382,0.35666597300254704,-0.034738283190516646,0.034738283190516646,False,descriptive
book_to_market,market_plus_fedfunds_innovation,book_to_market__decile_09,book_to_market,decile_09,10,-0.340993858428019,-0.7601301178391229,-0.7924518132514814,0.03232169541235852,0.3655866306175382,0.36931936774087826,0.08841049618735143,0.08841049618735143,False,descriptive
book_to_market,market_plus_fedfunds_innovation,book_to_market__decile_10,book_to_market,decile_10,10,-0.47924537154162583,-0.7601301178391229,-0.6621849006264209,-0.097945217212702,0.3655866306175382,0.3339201650022178,-0.2679124700136211,0.2679124700136211,False,descriptive
earnings_to_price,market_plus_fedfunds_innovation,earnings_to_price__decile_01,earnings_to_price,decile_01,10,0.3674037770031306,-0.7281132288180231,-0.634486532490007,-0.09362669632801612,0.33490026422215197,0.3157348774079497,-0.27956590761573724,0.27956590761573724,False,descriptive
earnings_to_price,market_plus_fedfunds_innovation,earnings_to_price__decile_02,earnings_to_price,decile_02,10,0.21515810939249336,-0.7281132288180231,-0.7252382918761016,-0.0028749369419215354,0.33490026422215197,0.35082449100006524,-0.008584457072910761,0.008584457072910761,False,descriptive
earnings_to_price,market_plus_fedfunds_innovation,earnings_to_price__decile_03,earnings_to_price,decile_03,10,-0.11713719354840524,-0.7281132288180231,-0.7309518461954992,0.002838617377476149,0.33490026422215197,0.3366189884947929,0.00847600817535691,0.00847600817535691,False,descriptive
earnings_to_price,market_plus_fedfunds_innovation,earnings_to_price__decile_04,earnings_to_price,decile_04,10,-0.05449604576900344,-0.7281132288180231,-0.7334070185793183,0.005293789761295242,0.33490026422215197,0.3358432287314042,0.015807063555446085,0.015807063555446085,False,descriptive
earnings_to_price,market_plus_fedfunds_innovation,earnings_to_price__decile_05,earnings_to_price,decile_05,10,-0.17985100381793068,-0.7281132288180231,-0.7474731314009457,0.01935990258292264,0.33490026422215197,0.34179742624909,0.057807964493215465,0.057807964493215465,False,descriptive
earnings_to_price,market_plus_fedfunds_innovation,earnings_to_price__decile_06,earnings_to_price,decile_06,10,-0.24684352196199272,-0.7281132288180231,-0.740700682636631,0.01258745381860793,0.33490026422215197,0.34209127669131184,0.03758567897174962,0.03758567897174962,False,descriptive
earnings_to_price,market_plus_fedfunds_innovation,earnings_to_price__decile_07,earnings_to_price,decile_07,10,-0.2028675136929416,-0.7281132288180231,-0.697509588323586,-0.03060364049443709,0.33490026422215197,0.32494322245270757,-0.09138135667201666,0.09138135667201666,False,descriptive
earnings_to_price,market_plus_fedfunds_innovation,earnings_to_price__decile_08,earnings_to_price,decile_08,10,-0.2763733051652346,-0.7281132288180231,-0.6936582667141669,-0.034454962103856235,0.33490026422215197,0.3186566720214837,-0.10288126282576164,0.10288126282576164,False,descriptive
earnings_to_price,market_plus_fedfunds_innovation,earnings_to_price__decile_09,earnings_to_price,decile_09,10,-0.53996682842143,-0.7281132288180231,-0.8868521507400933,0.15873892192207018,0.33490026422215197,0.45167129928500876,0.47398864342720454,0.47398864342720454,False,descriptive
earnings_to_price,market_plus_fedfunds_innovation,earnings_to_price__decile_10,earnings_to_price,decile_10,10,-0.21546339895102934,-0.7281132288180231,-0.6942712532440602,-0.033841975573962846,0.33490026422215197,0.3139101994695871,-0.10105090735764301,0.10105090735764301,False,descriptive
equity_duration,market_plus_fedfunds_innovation,equity_duration__decile_01,equity_duration,decile_01,10,-0.2757730743776661,-0.7782407946162454,-0.7669391665516602,-0.011301628064585234,0.30847302725439774,0.2907353347611192,-0.03663732989939759,0.03663732989939759,False,descriptive
equity_duration,market_plus_fedfunds_innovation,equity_duration__decile_02,equity_duration,decile_02,10,-0.6212963812089413,-0.7782407946162454,-0.9365107438569558,0.15826994924071036,0.30847302725439774,0.4573430993707334,0.5130754888017652,0.5130754888017652,False,descriptive
equity_duration,market_plus_fedfunds_innovation,equity_duration__decile_03,equity_duration,decile_03,10,-0.21052604024417604,-0.7782407946162454,-0.7481948856826641,-0.030045908933581278,0.30847302725439774,0.2932363751289963,-0.09740206202470472,0.09740206202470472,False,descriptive
equity_duration,market_plus_fedfunds_innovation,equity_duration__decile_04,equity_duration,decile_04,10,-0.2992811146997262,-0.7782407946162454,-0.7820279226529799,0.003787128036734533,0.30847302725439774,0.3137809563092768,0.01227701517517539,0.01227701517517539,False,descriptive
equity_duration,market_plus_fedfunds_innovation,equity_duration__decile_05,equity_duration,decile_05,10,-0.03468774751433397,-0.7782407946162454,-0.7899313288659496,0.011690534249704232,0.30847302725439774,0.3161893990970585,0.03789807606116254,0.03789807606116254,False,descriptive
equity_duration,market_plus_fedfunds_innovation,equity_duration__decile_06,equity_duration,decile_06,10,-0.10222213829188435,-0.7782407946162454,-0.7808718567101832,0.0026310620939378193,0.30847302725439774,0.3093997975748394,0.008529310057854693,0.008529310057854693,False,descriptive
equity_duration,market_plus_fedfunds_innovation,equity_duration__decile_07,equity_duration,decile_07,10,-0.033996203455434026,-0.7782407946162454,-0.7823444543763357,0.004103659760090306,0.30847302725439774,0.3090734585487227,0.013303139650864895,0.013303139650864895,False,descriptive
equity_duration,market_plus_fedfunds_innovation,equity_duration__decile_08,equity_duration,decile_08,10,-0.13137619779919033,-0.7782407946162454,-0.7820929428759236,0.0038521482596781675,0.30847302725439774,0.31229744706014256,0.012487796077228174,0.012487796077228174,False,descriptive
equity_duration,market_plus_fedfunds_innovation,equity_duration__decile_09,equity_duration,decile_09,10,0.1937273673461788,-0.7782407946162454,-0.8045247735473021,0.026283978931056717,0.30847302725439774,0.3103569410614058,0.0852067331947967,0.0852067331947967,False,descriptive
equity_duration,market_plus_fedfunds_innovation,equity_duration__decile_10,equity_duration,decile_10,10,0.3853035677664105,-0.7782407946162454,-0.5976709228145493,-0.18056987180169615,0.30847302725439774,0.2663122092243774,-0.5853668095680215,0.5853668095680215,False,descriptive
inventory_growth,market_plus_fedfunds_innovation,inventory_growth__decile_01,inventory_growth,decile_01,10,0.1378085262815926,-0.4042326183811038,-0.4537920154161094,0.049559397035005615,0.19874936533166468,0.20770370151904835,0.24935625304917555,0.24935625304917555,False,descriptive
inventory_growth,market_plus_fedfunds_innovation,inventory_growth__decile_02,inventory_growth,decile_02,10,-0.03906799453335866,-0.4042326183811038,-0.38820761133144754,-0.01602500704965626,0.19874936533166468,0.19589528688427618,-0.0806292237608628,0.0806292237608628,False,descriptive
inventory_growth,market_plus_fedfunds_innovation,inventory_growth__decile_03,inventory_growth,decile_03,10,-0.0645053741149414,-0.4042326183811038,-0.4025797834155358,-0.0016528349655680064,0.19874936533166468,0.1971275403644823,-0.008316177326200887,0.008316177326200887,False,descriptive
inventory_growth,market_plus_fedfunds_innovation,inventory_growth__decile_04,inventory_growth,decile_04,10,-0.2787481552267323,-0.4042326183811038,-0.4262745941066662,0.02204197572556238,0.19874936533166468,0.20900029672386033,0.11090337666628342,0.11090337666628342,False,descriptive
inventory_growth,market_plus_fedfunds_innovation,inventory_growth__decile_05,inventory_growth,decile_05,10,-0.41941719616829937,-0.4042326183811038,-0.5456936923551402,0.1414610739740364,0.19874936533166468,0.2648338427285613,0.7117561041665318,0.7117561041665318,False,descriptive
inventory_growth,market_plus_fedfunds_innovation,inventory_growth__decile_06,inventory_growth,decile_06,10,-0.16239124077594566,-0.4042326183811038,-0.40111676075120717,-0.0031158576298966345,0.19874936533166468,0.19718832993883922,-0.015677321156206063,0.015677321156206063,False,descriptive
inventory_growth,market_plus_fedfunds_innovation,inventory_growth__decile_07,inventory_growth,decile_07,10,0.20886192148974358,-0.4042326183811038,-0.38570609150754653,-0.01852652687355727,0.19874936533166468,0.21872856378416616,-0.09321552721761386,0.09321552721761386,False,descriptive
inventory_growth,market_plus_fedfunds_innovation,inventory_growth__decile_08,inventory_growth,decile_08,10,-0.010938040972533189,-0.4042326183811038,-0.40407955817933183,-0.00015306020177197066,0.19874936533166468,0.19879035056753533,-0.0007701166819655004,0.0007701166819655004,False,descriptive
inventory_growth,market_plus_fedfunds_innovation,inventory_growth__decile_09,inventory_growth,decile_09,10,0.1661039221859966,-0.4042326183811038,-0.39087707043231884,-0.013355547948784963,0.19874936533166468,0.19083789414281435,-0.06719794011164654,0.06719794011164654,False,descriptive
inventory_growth,market_plus_fedfunds_innovation,inventory_growth__decile_10,inventory_growth,decile_10,10,0.41092621682725206,-0.4042326183811038,-0.23571484938295628,-0.16851776899814752,0.19874936533166468,0.17560789895302978,-0.8478908534723222,0.8478908534723222,False,descriptive
investment_to_assets,market_plus_fedfunds_innovation,investment_to_assets__decile_01,investment_to_assets,decile_01,10,-0.12781201524500202,-0.7948946378842634,-0.782911534945951,-0.011983102938312395,0.3529700382919599,0.3439395958970138,-0.033949348778438096,0.033949348778438096,False,descriptive
investment_to_assets,market_plus_fedfunds_innovation,investment_to_assets__decile_02,investment_to_assets,decile_02,10,-0.36185415680021554,-0.7948946378842634,-0.8380283867464892,0.04313374886222576,0.3529700382919599,0.4065187696207092,0.12220229533065238,0.12220229533065238,False,descriptive
investment_to_assets,market_plus_fedfunds_innovation,investment_to_assets__decile_03,investment_to_assets,decile_03,10,-0.1564290620165728,-0.7948946378842634,-0.7676131072709244,-0.027281530613339044,0.3529700382919599,0.33754901690292094,-0.07729134955860778,0.07729134955860778,False,descriptive
investment_to_assets,market_plus_fedfunds_innovation,investment_to_assets__decile_04,investment_to_assets,decile_04,10,-0.09139276548611619,-0.7948946378842634,-0.7874637432127342,-0.007430894671529242,0.3529700382919599,0.3471509133349754,-0.021052479999400863,0.021052479999400863,False,descriptive
investment_to_assets,market_plus_fedfunds_innovation,investment_to_assets__decile_05,investment_to_assets,decile_05,10,-0.31644218561958337,-0.7948946378842634,-0.8860758528473536,0.09118121496309017,0.3529700382919599,0.4227958389396071,0.25832565110716127,0.25832565110716127,False,descriptive
investment_to_assets,market_plus_fedfunds_innovation,investment_to_assets__decile_06,investment_to_assets,decile_06,10,-0.07848871708481683,-0.7948946378842634,-0.7936999258514871,-0.0011947120327763239,0.3529700382919599,0.3511799183182702,-0.0033847406384904413,0.0033847406384904413,False,descriptive
investment_to_assets,market_plus_fedfunds_innovation,investment_to_assets__decile_07,investment_to_assets,decile_07,10,-0.03280059936751034,-0.7948946378842634,-0.7950383595783633,0.00014372169409992974,0.3529700382919599,0.35309849752865347,0.0004071781695562785,0.0004071781695562785,False,descriptive
investment_to_assets,market_plus_fedfunds_innovation,investment_to_assets__decile_08,investment_to_assets,decile_08,10,-0.01152425218175683,-0.7948946378842634,-0.7933652279007687,-0.0015294099834947117,0.3529700382919599,0.35052899897575857,-0.00433297395692735,0.00433297395692735,False,descriptive
investment_to_assets,market_plus_fedfunds_innovation,investment_to_assets__decile_09,investment_to_assets,decile_09,10,0.22250219557384313,-0.7948946378842634,-0.8628445882830383,0.06794995039877494,0.3529700382919599,0.3580273202491501,0.19250911699924514,0.19250911699924514,False,descriptive
investment_to_assets,market_plus_fedfunds_innovation,investment_to_assets__decile_10,investment_to_assets,decile_10,10,0.34228783392703743,-0.7948946378842634,-0.586503172337976,-0.2083914655462874,0.3529700382919599,0.34003362014664656,-0.5903942061334848,0.5903942061334848,False,descriptive
long_term_reversal,market_plus_fedfunds_innovation,long_term_reversal__decile_01,long_term_reversal,decile_01,10,-0.10355707708580941,-0.564000762452668,-0.5753949523031898,0.011394189850521874,0.28704608049659674,0.2986308787278446,0.03969463659217937,0.03969463659217937,False,descriptive
long_term_reversal,market_plus_fedfunds_innovation,long_term_reversal__decile_02,long_term_reversal,decile_02,10,-0.3720569019026301,-0.564000762452668,-0.5995485301541607,0.035547767701492705,0.28704608049659674,0.2974999138854208,0.12383993413180977,0.12383993413180977,False,descriptive
long_term_reversal,market_plus_fedfunds_innovation,long_term_reversal__decile_03,long_term_reversal,decile_03,10,-0.3712525888164007,-0.564000762452668,-0.5122743726022749,-0.05172638985039302,0.28704608049659674,0.2860457169952827,-0.18020239036500724,0.18020239036500724,False,descriptive
long_term_reversal,market_plus_fedfunds_innovation,long_term_reversal__decile_04,long_term_reversal,decile_04,10,-0.22846598513518937,-0.564000762452668,-0.576532666953166,0.012531904500498015,0.28704608049659674,0.28716803011955244,0.043658162754974784,0.043658162754974784,False,descriptive
long_term_reversal,market_plus_fedfunds_innovation,long_term_reversal__decile_05,long_term_reversal,decile_05,10,-0.15032059431658618,-0.564000762452668,-0.5517230465672702,-0.012277715885397722,0.28704608049659674,0.2821870516611596,-0.04277263031829932,0.04277263031829932,False,descriptive
long_term_reversal,market_plus_fedfunds_innovation,long_term_reversal__decile_06,long_term_reversal,decile_06,10,-0.06017178443824575,-0.564000762452668,-0.5742334280686583,0.010232665615990344,0.28704608049659674,0.2920396626393386,0.03564816352234311,0.03564816352234311,False,descriptive
long_term_reversal,market_plus_fedfunds_innovation,long_term_reversal__decile_07,long_term_reversal,decile_07,10,-0.07932642859369798,-0.564000762452668,-0.5685030459834448,0.004502283530776863,0.28704608049659674,0.2882404955817331,0.015684880709702784,0.015684880709702784,False,descriptive
long_term_reversal,market_plus_fedfunds_innovation,long_term_reversal__decile_08,long_term_reversal,decile_08,10,-0.34249887285688146,-0.564000762452668,-0.6844549954072291,0.12045423295456115,0.28704608049659674,0.39220890417236504,0.4196337840467021,0.4196337840467021,False,descriptive
long_term_reversal,market_plus_fedfunds_innovation,long_term_reversal__decile_09,long_term_reversal,decile_09,10,0.04635485591806049,-0.564000762452668,-0.5155751785302345,-0.04842558392243346,0.28704608049659674,0.26772340963875424,-0.1687031707196838,0.1687031707196838,False,descriptive
long_term_reversal,market_plus_fedfunds_innovation,long_term_reversal__decile_10,long_term_reversal,decile_10,10,0.3247865925383222,-0.564000762452668,-0.37874146246657514,-0.1852592999860928,0.28704608049659674,0.2322601451962156,-0.6453991626208228,0.6453991626208228,False,descriptive
ppe_investment,market_plus_fedfunds_innovation,ppe_investment__decile_01,ppe_investment,decile_01,10,-0.19413695787508461,-0.8133571965247125,-0.7169444225162482,-0.09641277400846426,0.3329496429185747,0.3257521329113758,-0.28957163961290905,0.28957163961290905,False,descriptive
ppe_investment,market_plus_fedfunds_innovation,ppe_investment__decile_02,ppe_investment,decile_02,10,-0.12285492678161974,-0.8133571965247125,-0.8258209836295151,0.01246378710480256,0.3329496429185747,0.3266808584978999,0.03743445103453879,0.03743445103453879,False,descriptive
ppe_investment,market_plus_fedfunds_innovation,ppe_investment__decile_03,ppe_investment,decile_03,10,-0.054084681728356565,-0.8133571965247125,-0.7997550207760615,-0.013602175748650969,0.3329496429185747,0.32419489130154167,-0.04085355259557218,0.04085355259557218,False,descriptive
ppe_investment,market_plus_fedfunds_innovation,ppe_investment__decile_04,ppe_investment,decile_04,10,-0.28952482012626635,-0.8133571965247125,-1.0584211837913733,0.2450639872666608,0.3329496429185747,0.4905357364022711,0.7360391953524125,0.7360391953524125,False,descriptive
ppe_investment,market_plus_fedfunds_innovation,ppe_investment__decile_05,ppe_investment,decile_05,10,0.07443733004356168,-0.8133571965247125,-0.8334552772804495,0.020098080755737047,0.3329496429185747,0.35081397089494587,0.06036372521550408,0.06036372521550408,False,descriptive
ppe_investment,market_plus_fedfunds_innovation,ppe_investment__decile_06,ppe_investment,decile_06,10,-0.16313908625298454,-0.8133571965247125,-0.8270224712135308,0.013665274688818285,0.3329496429185747,0.3571835760647243,0.04104306756130154,0.04104306756130154,False,descriptive
ppe_investment,market_plus_fedfunds_innovation,ppe_investment__decile_07,ppe_investment,decile_07,10,0.047641288964805344,-0.8133571965247125,-0.814286883021368,0.0009296864966554796,0.3329496429185747,0.3353884806512866,0.0027922735958087253,0.0027922735958087253,False,descriptive
ppe_investment,market_plus_fedfunds_innovation,ppe_investment__decile_08,ppe_investment,decile_08,10,0.05574154109652549,-0.8133571965247125,-0.8468268885933613,0.033469692068648804,0.3329496429185747,0.3411241756706691,0.10052478739805726,0.10052478739805726,False,descriptive
ppe_investment,market_plus_fedfunds_innovation,ppe_investment__decile_09,ppe_investment,decile_09,10,0.23459037826281948,-0.8133571965247125,-0.7627456935878341,-0.05061150293687844,0.3329496429185747,0.32781139955873956,-0.15200948255486146,0.15200948255486146,False,descriptive
ppe_investment,market_plus_fedfunds_innovation,ppe_investment__decile_10,ppe_investment,decile_10,10,0.23262871276916336,-0.8133571965247125,-0.6504332554792416,-0.16292394104547092,0.3329496429185747,0.3013201409905113,-0.4893350826788998,0.4893350826788998,False,descriptive
