regime_id,reference_regime,estimand,point_change,lower_90,upper_90,bound,one_sided_bound,tost_5pct_90pct_interval_passes,decision_category,strict_95pct_interval_sensitivity_passes,rule,sensitivity_rule
elb_qe,conventional_pre_elb,fitted_premium_change__portfolio_excess_return__book_to_market__decile_01,0.25027860214757236,0.06347254473702059,0.41275599405544783,0.25,False,False,inconclusive,False,tost_5pct_90pct_interval,strict_95pct_interval_sensitivity
elb_qe,conventional_pre_elb,fitted_premium_change__portfolio_excess_return__book_to_market__decile_02,0.039726798024358634,-0.08934758221992473,0.2167368914509433,0.25,False,True,equivalent_within_bound,False,tost_5pct_90pct_interval,strict_95pct_interval_sensitivity
elb_qe,conventional_pre_elb,fitted_premium_change__portfolio_excess_return__book_to_market__decile_03,-0.14967501586892965,-0.21797646377455487,0.07038078307015304,0.25,False,True,equivalent_within_bound,True,tost_5pct_90pct_interval,strict_95pct_interval_sensitivity
elb_qe,conventional_pre_elb,fitted_premium_change__portfolio_excess_return__book_to_market__decile_04,-0.07947177315658178,-0.2758602499264322,0.10447123119450388,0.25,False,False,inconclusive,False,tost_5pct_90pct_interval,strict_95pct_interval_sensitivity
elb_qe,conventional_pre_elb,fitted_premium_change__portfolio_excess_return__book_to_market__decile_05,-0.02283133360069589,-0.21366656254869948,0.24362547364765486,0.25,False,True,equivalent_within_bound,False,tost_5pct_90pct_interval,strict_95pct_interval_sensitivity
elb_qe,conventional_pre_elb,fitted_premium_change__portfolio_excess_return__book_to_market__decile_06,0.004596795693288445,-0.2210030983396249,0.10562066776644977,0.25,False,True,equivalent_within_bound,False,tost_5pct_90pct_interval,strict_95pct_interval_sensitivity
elb_qe,conventional_pre_elb,fitted_premium_change__portfolio_excess_return__book_to_market__decile_07,-0.33352224508962103,-0.5205028121135341,-0.06313019091457632,0.25,False,False,inconclusive,False,tost_5pct_90pct_interval,strict_95pct_interval_sensitivity
elb_qe,conventional_pre_elb,fitted_premium_change__portfolio_excess_return__book_to_market__decile_08,-0.12344439681654615,-0.41742116167784576,0.041085995199860836,0.25,False,False,inconclusive,False,tost_5pct_90pct_interval,strict_95pct_interval_sensitivity
elb_qe,conventional_pre_elb,fitted_premium_change__portfolio_excess_return__book_to_market__decile_09,-0.23280677067169547,-0.5954479782424481,0.036727534910761736,0.25,False,False,inconclusive,False,tost_5pct_90pct_interval,strict_95pct_interval_sensitivity
elb_qe,conventional_pre_elb,fitted_premium_change__portfolio_excess_return__book_to_market__decile_10,-0.423805836126479,-0.762447182038825,-0.04818718237376477,0.25,False,False,inconclusive,False,tost_5pct_90pct_interval,strict_95pct_interval_sensitivity
elb_qe,conventional_pre_elb,fitted_premium_change__portfolio_excess_return__earnings_to_price__decile_01,0.2808627196021646,0.020017245052366815,0.49847841031887663,0.25,False,False,inconclusive,False,tost_5pct_90pct_interval,strict_95pct_interval_sensitivity
elb_qe,conventional_pre_elb,fitted_premium_change__portfolio_excess_return__earnings_to_price__decile_02,0.18893606797114793,0.01889066431102255,0.33283386567843204,0.25,False,False,inconclusive,False,tost_5pct_90pct_interval,strict_95pct_interval_sensitivity
elb_qe,conventional_pre_elb,fitted_premium_change__portfolio_excess_return__earnings_to_price__decile_03,-0.03821889455421395,-0.1966586934488719,0.08852052011609517,0.25,False,True,equivalent_within_bound,True,tost_5pct_90pct_interval,strict_95pct_interval_sensitivity
elb_qe,conventional_pre_elb,fitted_premium_change__portfolio_excess_return__earnings_to_price__decile_04,-0.022362028642127586,-0.13972658698200213,0.15809818054289299,0.25,False,True,equivalent_within_bound,True,tost_5pct_90pct_interval,strict_95pct_interval_sensitivity
elb_qe,conventional_pre_elb,fitted_premium_change__portfolio_excess_return__earnings_to_price__decile_05,-0.13419938248461474,-0.30608834456577033,0.04345501577102322,0.25,False,False,inconclusive,False,tost_5pct_90pct_interval,strict_95pct_interval_sensitivity
elb_qe,conventional_pre_elb,fitted_premium_change__portfolio_excess_return__earnings_to_price__decile_06,-0.20936503268196263,-0.3578889288277721,0.004475572153917016,0.25,False,False,inconclusive,False,tost_5pct_90pct_interval,strict_95pct_interval_sensitivity
elb_qe,conventional_pre_elb,fitted_premium_change__portfolio_excess_return__earnings_to_price__decile_07,-0.13108856689675044,-0.29021347305178347,0.017002729487210343,0.25,False,False,inconclusive,False,tost_5pct_90pct_interval,strict_95pct_interval_sensitivity
elb_qe,conventional_pre_elb,fitted_premium_change__portfolio_excess_return__earnings_to_price__decile_08,-0.2631471425790548,-0.3756724120768038,0.040763504022011184,0.25,False,False,inconclusive,False,tost_5pct_90pct_interval,strict_95pct_interval_sensitivity
elb_qe,conventional_pre_elb,fitted_premium_change__portfolio_excess_return__earnings_to_price__decile_09,-0.48108618083794785,-0.5838010376225914,-0.05454510110126027,0.25,False,False,inconclusive,False,tost_5pct_90pct_interval,strict_95pct_interval_sensitivity
elb_qe,conventional_pre_elb,fitted_premium_change__portfolio_excess_return__earnings_to_price__decile_10,-0.24674164083443462,-0.48645090616503545,0.03783215277636135,0.25,False,False,inconclusive,False,tost_5pct_90pct_interval,strict_95pct_interval_sensitivity
elb_qe,conventional_pre_elb,fitted_premium_change__portfolio_excess_return__equity_duration__decile_01,-0.25025233849196515,-0.4881274834804827,-0.000794735151453413,0.25,False,False,inconclusive,False,tost_5pct_90pct_interval,strict_95pct_interval_sensitivity
elb_qe,conventional_pre_elb,fitted_premium_change__portfolio_excess_return__equity_duration__decile_02,-0.5272008024132742,-0.6546003690945824,-0.13815997018290052,0.25,False,False,inconclusive,False,tost_5pct_90pct_interval,strict_95pct_interval_sensitivity
elb_qe,conventional_pre_elb,fitted_premium_change__portfolio_excess_return__equity_duration__decile_03,-0.13451368009247808,-0.4141079334966544,0.028166568845870238,0.25,False,False,inconclusive,False,tost_5pct_90pct_interval,strict_95pct_interval_sensitivity
elb_qe,conventional_pre_elb,fitted_premium_change__portfolio_excess_return__equity_duration__decile_04,-0.2822088787412897,-0.42086048681829463,0.08733414549330132,0.25,False,False,inconclusive,False,tost_5pct_90pct_interval,strict_95pct_interval_sensitivity
elb_qe,conventional_pre_elb,fitted_premium_change__portfolio_excess_return__equity_duration__decile_05,-0.06150407618595753,-0.19701759086697915,0.1112078362435167,0.25,False,True,equivalent_within_bound,True,tost_5pct_90pct_interval,strict_95pct_interval_sensitivity
elb_qe,conventional_pre_elb,fitted_premium_change__portfolio_excess_return__equity_duration__decile_06,-0.09267868857616351,-0.23274389932386957,0.11942096775697789,0.25,False,True,equivalent_within_bound,False,tost_5pct_90pct_interval,strict_95pct_interval_sensitivity
elb_qe,conventional_pre_elb,fitted_premium_change__portfolio_excess_return__equity_duration__decile_07,-0.0759821517810193,-0.2324980800332695,0.20830113656037197,0.25,False,True,equivalent_within_bound,False,tost_5pct_90pct_interval,strict_95pct_interval_sensitivity
elb_qe,conventional_pre_elb,fitted_premium_change__portfolio_excess_return__equity_duration__decile_08,-0.09110057254349901,-0.17280768152706705,0.06806514462563071,0.25,False,True,equivalent_within_bound,True,tost_5pct_90pct_interval,strict_95pct_interval_sensitivity
elb_qe,conventional_pre_elb,fitted_premium_change__portfolio_excess_return__equity_duration__decile_09,0.2126749991911967,-0.036938544216452616,0.26356299814799766,0.25,False,False,inconclusive,False,tost_5pct_90pct_interval,strict_95pct_interval_sensitivity
elb_qe,conventional_pre_elb,fitted_premium_change__portfolio_excess_return__equity_duration__decile_10,0.3341340330097798,0.026284996126369427,0.4160413060100893,0.25,False,False,inconclusive,False,tost_5pct_90pct_interval,strict_95pct_interval_sensitivity
elb_qe,conventional_pre_elb,fitted_premium_change__portfolio_excess_return__inventory_growth__decile_01,0.1287071752498242,-0.16105809685216915,0.26679936712355834,0.25,False,False,inconclusive,False,tost_5pct_90pct_interval,strict_95pct_interval_sensitivity
elb_qe,conventional_pre_elb,fitted_premium_change__portfolio_excess_return__inventory_growth__decile_02,-0.011967116927270413,-0.1936868614841141,0.14273868521926872,0.25,False,True,equivalent_within_bound,True,tost_5pct_90pct_interval,strict_95pct_interval_sensitivity
elb_qe,conventional_pre_elb,fitted_premium_change__portfolio_excess_return__inventory_growth__decile_03,-0.06063033595346777,-0.19716899754597372,0.08665287134407056,0.25,False,True,equivalent_within_bound,True,tost_5pct_90pct_interval,strict_95pct_interval_sensitivity
elb_qe,conventional_pre_elb,fitted_premium_change__portfolio_excess_return__inventory_growth__decile_04,-0.20303415344382408,-0.26222628069211285,-0.023332410352942232,0.25,False,False,inconclusive,False,tost_5pct_90pct_interval,strict_95pct_interval_sensitivity
elb_qe,conventional_pre_elb,fitted_premium_change__portfolio_excess_return__inventory_growth__decile_05,-0.2925559703088314,-0.36729412980031867,-0.052938655700976826,0.25,False,False,inconclusive,False,tost_5pct_90pct_interval,strict_95pct_interval_sensitivity
elb_qe,conventional_pre_elb,fitted_premium_change__portfolio_excess_return__inventory_growth__decile_06,-0.15038080019321493,-0.3175403613021818,0.006152376671955685,0.25,False,False,inconclusive,False,tost_5pct_90pct_interval,strict_95pct_interval_sensitivity
elb_qe,conventional_pre_elb,fitted_premium_change__portfolio_excess_return__inventory_growth__decile_07,0.15636534481291045,-0.05532327699387911,0.23660332253755434,0.25,False,True,equivalent_within_bound,False,tost_5pct_90pct_interval,strict_95pct_interval_sensitivity
elb_qe,conventional_pre_elb,fitted_premium_change__portfolio_excess_return__inventory_growth__decile_08,-0.002645545543288585,-0.08541018241494192,0.11256486929228526,0.25,False,True,equivalent_within_bound,True,tost_5pct_90pct_interval,strict_95pct_interval_sensitivity
elb_qe,conventional_pre_elb,fitted_premium_change__portfolio_excess_return__inventory_growth__decile_09,0.0732362270199288,-0.06508654319375941,0.3517057336030855,0.25,False,False,inconclusive,False,tost_5pct_90pct_interval,strict_95pct_interval_sensitivity
elb_qe,conventional_pre_elb,fitted_premium_change__portfolio_excess_return__inventory_growth__decile_10,0.3256323010211782,0.06894403851124141,0.5318065998889459,0.25,False,False,inconclusive,False,tost_5pct_90pct_interval,strict_95pct_interval_sensitivity
elb_qe,conventional_pre_elb,fitted_premium_change__portfolio_excess_return__investment_to_assets__decile_01,-0.047344269197850695,-0.3195667203076609,0.05818979677768366,0.25,False,False,inconclusive,False,tost_5pct_90pct_interval,strict_95pct_interval_sensitivity
elb_qe,conventional_pre_elb,fitted_premium_change__portfolio_excess_return__investment_to_assets__decile_02,-0.22752044920903866,-0.5049100670535223,-0.012326237505403707,0.25,False,False,inconclusive,False,tost_5pct_90pct_interval,strict_95pct_interval_sensitivity
elb_qe,conventional_pre_elb,fitted_premium_change__portfolio_excess_return__investment_to_assets__decile_03,-0.08843094235693284,-0.27113100513944705,0.1077504652009701,0.25,False,False,inconclusive,False,tost_5pct_90pct_interval,strict_95pct_interval_sensitivity
elb_qe,conventional_pre_elb,fitted_premium_change__portfolio_excess_return__investment_to_assets__decile_04,-0.1016931004543843,-0.18679359960044137,0.13143264005652183,0.25,False,True,equivalent_within_bound,True,tost_5pct_90pct_interval,strict_95pct_interval_sensitivity
elb_qe,conventional_pre_elb,fitted_premium_change__portfolio_excess_return__investment_to_assets__decile_05,-0.20019122036621356,-0.3702929629964292,-0.03927275488003661,0.25,False,False,inconclusive,False,tost_5pct_90pct_interval,strict_95pct_interval_sensitivity
elb_qe,conventional_pre_elb,fitted_premium_change__portfolio_excess_return__investment_to_assets__decile_06,-0.06647229596320989,-0.18570149578180645,0.08390924557796109,0.25,False,True,equivalent_within_bound,True,tost_5pct_90pct_interval,strict_95pct_interval_sensitivity
elb_qe,conventional_pre_elb,fitted_premium_change__portfolio_excess_return__investment_to_assets__decile_07,-0.03701222215773918,-0.15004466329436955,0.10044128932592938,0.25,False,True,equivalent_within_bound,True,tost_5pct_90pct_interval,strict_95pct_interval_sensitivity
elb_qe,conventional_pre_elb,fitted_premium_change__portfolio_excess_return__investment_to_assets__decile_08,-0.041531925939544634,-0.18420888376829517,0.11445502068690554,0.25,False,True,equivalent_within_bound,True,tost_5pct_90pct_interval,strict_95pct_interval_sensitivity
elb_qe,conventional_pre_elb,fitted_premium_change__portfolio_excess_return__investment_to_assets__decile_09,0.12922881464035818,-0.10159052135591197,0.5046606099704428,0.25,False,False,inconclusive,False,tost_5pct_90pct_interval,strict_95pct_interval_sensitivity
elb_qe,conventional_pre_elb,fitted_premium_change__portfolio_excess_return__investment_to_assets__decile_10,0.29358123329267655,0.03772129610284833,0.40989546010991706,0.25,False,False,inconclusive,False,tost_5pct_90pct_interval,strict_95pct_interval_sensitivity
elb_qe,conventional_pre_elb,fitted_premium_change__portfolio_excess_return__long_term_reversal__decile_01,-0.07764461054837174,-0.6268217019075317,0.18224099791389306,0.25,False,False,inconclusive,False,tost_5pct_90pct_interval,strict_95pct_interval_sensitivity
elb_qe,conventional_pre_elb,fitted_premium_change__portfolio_excess_return__long_term_reversal__decile_02,-0.2681915130459905,-0.6170408233172482,-0.05029619352747024,0.25,False,False,inconclusive,False,tost_5pct_90pct_interval,strict_95pct_interval_sensitivity
elb_qe,conventional_pre_elb,fitted_premium_change__portfolio_excess_return__long_term_reversal__decile_03,-0.27771403911276143,-0.4724307401522742,-0.049293707820641096,0.25,False,False,inconclusive,False,tost_5pct_90pct_interval,strict_95pct_interval_sensitivity
elb_qe,conventional_pre_elb,fitted_premium_change__portfolio_excess_return__long_term_reversal__decile_04,-0.21045572944731133,-0.35989926156249613,0.025305930589005505,0.25,False,False,inconclusive,False,tost_5pct_90pct_interval,strict_95pct_interval_sensitivity
elb_qe,conventional_pre_elb,fitted_premium_change__portfolio_excess_return__long_term_reversal__decile_05,-0.07228779657580965,-0.3538183428081358,0.0919056338916574,0.25,False,False,inconclusive,False,tost_5pct_90pct_interval,strict_95pct_interval_sensitivity
elb_qe,conventional_pre_elb,fitted_premium_change__portfolio_excess_return__long_term_reversal__decile_06,-0.009747788012136237,-0.21628229108385522,0.08335160980720174,0.25,False,True,equivalent_within_bound,False,tost_5pct_90pct_interval,strict_95pct_interval_sensitivity
elb_qe,conventional_pre_elb,fitted_premium_change__portfolio_excess_return__long_term_reversal__decile_07,-0.05178498236250726,-0.2559285097661143,0.19159978831225224,0.25,False,False,inconclusive,False,tost_5pct_90pct_interval,strict_95pct_interval_sensitivity
elb_qe,conventional_pre_elb,fitted_premium_change__portfolio_excess_return__long_term_reversal__decile_08,-0.2764195259013446,-0.3980352265423233,0.07084091823441536,0.25,False,False,inconclusive,False,tost_5pct_90pct_interval,strict_95pct_interval_sensitivity
elb_qe,conventional_pre_elb,fitted_premium_change__portfolio_excess_return__long_term_reversal__decile_09,-0.007973557219131747,-0.15228201103331013,0.21817549648999027,0.25,False,True,equivalent_within_bound,False,tost_5pct_90pct_interval,strict_95pct_interval_sensitivity
elb_qe,conventional_pre_elb,fitted_premium_change__portfolio_excess_return__long_term_reversal__decile_10,0.24997966478474015,0.006132774039490869,0.4480588166359306,0.25,False,False,inconclusive,False,tost_5pct_90pct_interval,strict_95pct_interval_sensitivity
elb_qe,conventional_pre_elb,fitted_premium_change__portfolio_excess_return__ppe_investment__decile_01,-0.11612351267319768,-0.33629437696802633,0.04855789695965171,0.25,False,False,inconclusive,False,tost_5pct_90pct_interval,strict_95pct_interval_sensitivity
elb_qe,conventional_pre_elb,fitted_premium_change__portfolio_excess_return__ppe_investment__decile_02,-0.1266830506340993,-0.19213457991793162,0.12653122632929775,0.25,False,True,equivalent_within_bound,True,tost_5pct_90pct_interval,strict_95pct_interval_sensitivity
elb_qe,conventional_pre_elb,fitted_premium_change__portfolio_excess_return__ppe_investment__decile_03,-0.04639546834508651,-0.17326367511381102,0.1266983524976632,0.25,False,True,equivalent_within_bound,True,tost_5pct_90pct_interval,strict_95pct_interval_sensitivity
elb_qe,conventional_pre_elb,fitted_premium_change__portfolio_excess_return__ppe_investment__decile_04,-0.19391651515634484,-0.2840291046067073,0.017289792221342262,0.25,False,False,inconclusive,False,tost_5pct_90pct_interval,strict_95pct_interval_sensitivity
elb_qe,conventional_pre_elb,fitted_premium_change__portfolio_excess_return__ppe_investment__decile_05,0.05224738754973706,-0.11338850472282168,0.21370707031378355,0.25,False,True,equivalent_within_bound,True,tost_5pct_90pct_interval,strict_95pct_interval_sensitivity
elb_qe,conventional_pre_elb,fitted_premium_change__portfolio_excess_return__ppe_investment__decile_06,-0.11676962336759293,-0.23469306771510154,0.04728345032102554,0.25,False,True,equivalent_within_bound,False,tost_5pct_90pct_interval,strict_95pct_interval_sensitivity
elb_qe,conventional_pre_elb,fitted_premium_change__portfolio_excess_return__ppe_investment__decile_07,-0.013845266832277776,-0.11334253414651371,0.14516626203264987,0.25,False,True,equivalent_within_bound,True,tost_5pct_90pct_interval,strict_95pct_interval_sensitivity
elb_qe,conventional_pre_elb,fitted_premium_change__portfolio_excess_return__ppe_investment__decile_08,0.08404532223734934,-0.09153962698758988,0.24551592836550137,0.25,False,True,equivalent_within_bound,False,tost_5pct_90pct_interval,strict_95pct_interval_sensitivity
elb_qe,conventional_pre_elb,fitted_premium_change__portfolio_excess_return__ppe_investment__decile_09,0.18010884769696717,-0.046481535151022414,0.3007843118613382,0.25,False,False,inconclusive,False,tost_5pct_90pct_interval,strict_95pct_interval_sensitivity
elb_qe,conventional_pre_elb,fitted_premium_change__portfolio_excess_return__ppe_investment__decile_10,0.1197199841144591,-0.12156043492636567,0.3516140164741073,0.25,False,False,inconclusive,False,tost_5pct_90pct_interval,strict_95pct_interval_sensitivity
elb_qe,conventional_pre_elb,dispersion_relative_change,-0.8102682922910951,-0.9718462874673494,0.2391342809682298,0.25,False,False,inconclusive,False,tost_5pct_90pct_interval,strict_95pct_interval_sensitivity
elb_qe,conventional_pre_elb,rmse_relative_deterioration,1.1222738590421573,0.11355576866647757,1.3591731159900724,0.1,True,False,difference_exceeds_bound,False,tost_5pct_90pct_interval,strict_95pct_interval_sensitivity
elb_qe,conventional_pre_elb,max_abs_error_deterioration,0.3034740241324636,0.0359041495083372,0.6198144508794872,0.25,True,False,inconclusive,False,tost_5pct_90pct_interval,strict_95pct_interval_sensitivity
elb_qe,conventional_pre_elb,article_fit_deterioration,0.7676492489315593,-0.3474115332960678,1.2366706936284768,0.1,True,False,inconclusive,False,tost_5pct_90pct_interval,strict_95pct_interval_sensitivity
