asset,test,restricted_parameters,statistic,p_value,df,nobs,holm_p_value,family,significant_holm_5pct,significant_unadjusted_5pct,scope,reference_regime,hac_lags,evidence_class,hypothesis,replication_status,rate_interaction_coefficient__elb_qe,rate_interaction_coefficient__inflation_tightening,rate_interaction_coefficient__normalisation,rate_interaction_coefficient__pandemic_elb_qe,rate_interaction_coefficient__post_tightening_easing,rate_interaction_t__elb_qe,rate_interaction_t__inflation_tightening,rate_interaction_t__normalisation,rate_interaction_t__pandemic_elb_qe,rate_interaction_t__post_tightening_easing
portfolio_excess_return__book_to_market__decile_01,joint_regime_factor_interactions,10.0,70.19098454589098,4.0728013969546236e-11,10.0,648.0,4.928089690315095e-09,regime_stability,True,True,asset,conventional_pre_elb,6,confirmatory,H3,documented_reconstruction,3.988336183449144,-2.3941721552712987,-4.537041479526515,2.528313070043721,7.105759543835362,0.6358400235471224,-1.3430346579203591,-3.646938199543759,1.2922837142139691,2.54604288579332
portfolio_excess_return__book_to_market__decile_01,joint_rate_beta_regime_interactions,5.0,22.862792330745087,0.00035857416372196503,5.0,648.0,0.024741617296815586,regime_stability,True,True,asset,conventional_pre_elb,6,confirmatory,H3,documented_reconstruction,3.988336183449144,-2.3941721552712987,-4.537041479526515,2.528313070043721,7.105759543835362,0.6358400235471224,-1.3430346579203591,-3.646938199543759,1.2922837142139691,2.54604288579332
portfolio_excess_return__book_to_market__decile_02,joint_regime_factor_interactions,10.0,32.25758178354826,0.0003627136598224824,10.0,648.0,0.024741617296815586,regime_stability,True,True,asset,conventional_pre_elb,6,confirmatory,H3,documented_reconstruction,-6.2859796673750274,0.06745192511272036,-3.1823413391300392,0.5278250956192885,-8.93101824492609,-1.4752230347443958,0.059492729443341844,-3.0162229531296143,0.25609899229339184,-2.279410044515224
portfolio_excess_return__book_to_market__decile_02,joint_rate_beta_regime_interactions,5.0,17.879404897634224,0.0031014035693366564,5.0,648.0,0.15507017846683283,regime_stability,False,True,asset,conventional_pre_elb,6,confirmatory,H3,documented_reconstruction,-6.2859796673750274,0.06745192511272036,-3.1823413391300392,0.5278250956192885,-8.93101824492609,-1.4752230347443958,0.059492729443341844,-3.0162229531296143,0.25609899229339184,-2.279410044515224
portfolio_excess_return__book_to_market__decile_03,joint_regime_factor_interactions,10.0,36.34382498538278,7.345723045834641e-05,10.0,648.0,0.005509292284375981,regime_stability,True,True,asset,conventional_pre_elb,6,confirmatory,H3,documented_reconstruction,-2.240428509073304,-1.806357547596111,-0.5604060209359965,-0.6279081902112491,-3.3205539185339132,-0.4827913246274522,-0.9998571900752479,-0.6265643735934981,-0.2244307648168069,-0.9919823530151777
portfolio_excess_return__book_to_market__decile_03,joint_rate_beta_regime_interactions,5.0,3.3311930700583368,0.6490695284498851,5.0,648.0,1.0,regime_stability,False,False,asset,conventional_pre_elb,6,confirmatory,H3,documented_reconstruction,-2.240428509073304,-1.806357547596111,-0.5604060209359965,-0.6279081902112491,-3.3205539185339132,-0.4827913246274522,-0.9998571900752479,-0.6265643735934981,-0.2244307648168069,-0.9919823530151777
portfolio_excess_return__book_to_market__decile_04,joint_regime_factor_interactions,10.0,32.61457600630405,0.0003161200113713596,10.0,648.0,0.022128400795995172,regime_stability,True,True,asset,conventional_pre_elb,6,confirmatory,H3,documented_reconstruction,-5.77687240340579,2.598855278429637,-0.4434488098022502,-1.286013996137017,2.0759072162133405,-1.141252864727792,2.238320010003156,-0.41204993182677774,-0.6465862124969157,1.2391721451309974
portfolio_excess_return__book_to_market__decile_04,joint_rate_beta_regime_interactions,5.0,9.08642161769825,0.10566634460369739,5.0,648.0,1.0,regime_stability,False,False,asset,conventional_pre_elb,6,confirmatory,H3,documented_reconstruction,-5.77687240340579,2.598855278429637,-0.4434488098022502,-1.286013996137017,2.0759072162133405,-1.141252864727792,2.238320010003156,-0.41204993182677774,-0.6465862124969157,1.2391721451309974
portfolio_excess_return__book_to_market__decile_05,joint_regime_factor_interactions,10.0,101.18188547582145,3.160232645495949e-17,10.0,648.0,4.234711744964572e-15,regime_stability,True,True,asset,conventional_pre_elb,6,confirmatory,H3,documented_reconstruction,-9.878758096354895,-0.39271735830300264,4.769604859469109,0.3096685839991835,-5.352689064920013,-1.1166028779503907,-0.30130349365336395,5.449570165766183,0.3139017068026625,-1.469314456032385
portfolio_excess_return__book_to_market__decile_05,joint_rate_beta_regime_interactions,5.0,32.93074599993405,3.884491935716129e-06,5.0,648.0,0.0003496042742144516,regime_stability,True,True,asset,conventional_pre_elb,6,confirmatory,H3,documented_reconstruction,-9.878758096354895,-0.39271735830300264,4.769604859469109,0.3096685839991835,-5.352689064920013,-1.1166028779503907,-0.30130349365336395,5.449570165766183,0.3139017068026625,-1.469314456032385
portfolio_excess_return__book_to_market__decile_06,joint_regime_factor_interactions,10.0,41.2441582481034,1.0214531559221132e-05,10.0,648.0,0.0008682351825337962,regime_stability,True,True,asset,conventional_pre_elb,6,confirmatory,H3,documented_reconstruction,2.5052599916886145,3.6449442533486685,2.5511058242640647,-3.350748362398745,0.8230081697552247,0.33585907967875234,2.607900997394414,2.8623261251531096,-1.1807637630689523,0.12049859953395754
portfolio_excess_return__book_to_market__decile_06,joint_rate_beta_regime_interactions,5.0,17.08822563707042,0.004335478530913475,5.0,648.0,0.19509653389110637,regime_stability,False,True,asset,conventional_pre_elb,6,confirmatory,H3,documented_reconstruction,2.5052599916886145,3.6449442533486685,2.5511058242640647,-3.350748362398745,0.8230081697552247,0.33585907967875234,2.607900997394414,2.8623261251531096,-1.1807637630689523,0.12049859953395754
portfolio_excess_return__book_to_market__decile_07,joint_regime_factor_interactions,10.0,73.22575423494808,1.0526146896950581e-11,10.0,648.0,1.3157683621188226e-09,regime_stability,True,True,asset,conventional_pre_elb,6,confirmatory,H3,documented_reconstruction,-8.780496868777128,1.187718344818844,4.107429628562216,-3.513042064654684,4.2471123924811245,-0.971999232401338,0.8815518359452267,4.003707697133307,-1.1508881278942849,1.2710731373862934
portfolio_excess_return__book_to_market__decile_07,joint_rate_beta_regime_interactions,5.0,19.414040803790886,0.0016089453847436127,5.0,648.0,0.08771591367133283,regime_stability,False,True,asset,conventional_pre_elb,6,confirmatory,H3,documented_reconstruction,-8.780496868777128,1.187718344818844,4.107429628562216,-3.513042064654684,4.2471123924811245,-0.971999232401338,0.8815518359452267,4.003707697133307,-1.1508881278942849,1.2710731373862934
portfolio_excess_return__book_to_market__decile_08,joint_regime_factor_interactions,10.0,39.77773498769675,1.854172498362118e-05,10.0,648.0,0.0015389631736405578,regime_stability,True,True,asset,conventional_pre_elb,6,confirmatory,H3,documented_reconstruction,0.8874734489456877,2.7802402598714138,7.9345867773778584,-4.0490883454802535,2.508578492548855,0.12346317678637878,1.7906836590555475,4.5824232857157305,-1.9183493335788215,0.5189122842524285
portfolio_excess_return__book_to_market__decile_08,joint_rate_beta_regime_interactions,5.0,26.192638205207146,8.187753177484481e-05,5.0,648.0,0.006058937351338516,regime_stability,True,True,asset,conventional_pre_elb,6,confirmatory,H3,documented_reconstruction,0.8874734489456877,2.7802402598714138,7.9345867773778584,-4.0490883454802535,2.508578492548855,0.12346317678637878,1.7906836590555475,4.5824232857157305,-1.9183493335788215,0.5189122842524285
portfolio_excess_return__book_to_market__decile_09,joint_regime_factor_interactions,10.0,39.55865898017726,2.0260820761857227e-05,10.0,648.0,0.0016613873024722927,regime_stability,True,True,asset,conventional_pre_elb,6,confirmatory,H3,documented_reconstruction,5.613204767484207,3.8712725677997604,8.230451681944526,-0.5971902194039789,0.2605354509368043,0.3911904395178412,2.5177281139099796,4.441611179330139,-0.11493874918070322,0.11162842511594734
portfolio_excess_return__book_to_market__decile_09,joint_rate_beta_regime_interactions,5.0,26.467773373678945,7.239879151329078e-05,5.0,648.0,0.005502308155010099,regime_stability,True,True,asset,conventional_pre_elb,6,confirmatory,H3,documented_reconstruction,5.613204767484207,3.8712725677997604,8.230451681944526,-0.5971902194039789,0.2605354509368043,0.3911904395178412,2.5177281139099796,4.441611179330139,-0.11493874918070322,0.11162842511594734
portfolio_excess_return__book_to_market__decile_10,joint_regime_factor_interactions,10.0,110.00376386400342,5.326422821895953e-19,10.0,648.0,7.297199265997456e-17,regime_stability,True,True,asset,conventional_pre_elb,6,confirmatory,H3,documented_reconstruction,-16.4451835242794,1.6793874130401911,17.091695752631214,-26.34961311865272,2.400417947424831,-0.7636412359316898,0.8696091084096955,8.803126802328116,-4.093515615374155,0.3908582993180732
portfolio_excess_return__book_to_market__decile_10,joint_rate_beta_regime_interactions,5.0,85.53842714308514,5.804540498045692e-17,5.0,648.0,7.72003886240077e-15,regime_stability,True,True,asset,conventional_pre_elb,6,confirmatory,H3,documented_reconstruction,-16.4451835242794,1.6793874130401911,17.091695752631214,-26.34961311865272,2.400417947424831,-0.7636412359316898,0.8696091084096955,8.803126802328116,-4.093515615374155,0.3908582993180732
portfolio_excess_return__earnings_to_price__decile_01,joint_regime_factor_interactions,10.0,26.345074006256137,0.003302777425749155,10.0,648.0,0.16183609386170858,regime_stability,False,True,asset,conventional_pre_elb,6,confirmatory,H3,documented_reconstruction,-6.255499191665084,-1.632302528521747,-4.895186239583517,1.5755522851361672,8.226506115010004,-0.7232057555472962,-0.4699527120152473,-1.8924627846546076,0.35085171504340423,1.6571949668721253
portfolio_excess_return__earnings_to_price__decile_01,joint_rate_beta_regime_interactions,5.0,7.369578132775914,0.19457296909881958,5.0,648.0,1.0,regime_stability,False,False,asset,conventional_pre_elb,6,confirmatory,H3,documented_reconstruction,-6.255499191665084,-1.632302528521747,-4.895186239583517,1.5755522851361672,8.226506115010004,-0.7232057555472962,-0.4699527120152473,-1.8924627846546076,0.35085171504340423,1.6571949668721253
portfolio_excess_return__earnings_to_price__decile_02,joint_regime_factor_interactions,10.0,101.4738573946918,2.761983971629503e-17,10.0,648.0,3.728678361699829e-15,regime_stability,True,True,asset,conventional_pre_elb,6,confirmatory,H3,documented_reconstruction,2.719540947744111,-4.3268510691590745,-1.9225519001437372,2.149017187881901,1.9319859847641068,0.34101170455454616,-1.6348257136423536,-2.2692322997556293,0.9124742540293911,0.5962173369067671
portfolio_excess_return__earnings_to_price__decile_02,joint_rate_beta_regime_interactions,5.0,9.960094668568338,0.07637387446720764,5.0,648.0,1.0,regime_stability,False,False,asset,conventional_pre_elb,6,confirmatory,H3,documented_reconstruction,2.719540947744111,-4.3268510691590745,-1.9225519001437372,2.149017187881901,1.9319859847641068,0.34101170455454616,-1.6348257136423536,-2.2692322997556293,0.9124742540293911,0.5962173369067671
portfolio_excess_return__earnings_to_price__decile_03,joint_regime_factor_interactions,10.0,62.647735910929946,1.1394406417333602e-09,10.0,648.0,1.344539957245365e-07,regime_stability,True,True,asset,conventional_pre_elb,6,confirmatory,H3,documented_reconstruction,10.359807158291957,0.9679167004781033,-2.9772065993826398,4.98414187647862,0.7510901038930604,1.4235392944521006,0.6082236860836489,-2.7502726385397156,1.8709272058252375,0.25109492025250874
portfolio_excess_return__earnings_to_price__decile_03,joint_rate_beta_regime_interactions,5.0,14.376909068393584,0.013384443538179283,5.0,648.0,0.5219932979889921,regime_stability,False,True,asset,conventional_pre_elb,6,confirmatory,H3,documented_reconstruction,10.359807158291957,0.9679167004781033,-2.9772065993826398,4.98414187647862,0.7510901038930604,1.4235392944521006,0.6082236860836489,-2.7502726385397156,1.8709272058252375,0.25109492025250874
portfolio_excess_return__earnings_to_price__decile_04,joint_regime_factor_interactions,10.0,10.949996118117053,0.36142703320382413,10.0,648.0,1.0,regime_stability,False,False,asset,conventional_pre_elb,6,confirmatory,H3,documented_reconstruction,3.474710306002084,-0.46829674709803015,-0.6622364321607606,-2.6681922146233124,-1.5503052253249843,0.4079962572177649,-0.3726176200931787,-0.887158496561858,-1.427631765824178,-0.4307553011081983
portfolio_excess_return__earnings_to_price__decile_04,joint_rate_beta_regime_interactions,5.0,3.232052224426104,0.6642594188004779,5.0,648.0,1.0,regime_stability,False,False,asset,conventional_pre_elb,6,confirmatory,H3,documented_reconstruction,3.474710306002084,-0.46829674709803015,-0.6622364321607606,-2.6681922146233124,-1.5503052253249843,0.4079962572177649,-0.3726176200931787,-0.887158496561858,-1.427631765824178,-0.4307553011081983
portfolio_excess_return__earnings_to_price__decile_05,joint_regime_factor_interactions,10.0,103.8471161145983,9.230460552353221e-18,10.0,648.0,1.2553426351200381e-15,regime_stability,True,True,asset,conventional_pre_elb,6,confirmatory,H3,documented_reconstruction,2.476977870490259,0.6269037777395607,4.087593398253525,10.199825539566179,-5.847966551242463,0.567444428406273,0.552324380754632,2.176947465441368,6.157010264315972,-0.8083217785597513
portfolio_excess_return__earnings_to_price__decile_05,joint_rate_beta_regime_interactions,5.0,45.866141127502665,9.670211310147917e-09,5.0,648.0,1.0830636667365667e-06,regime_stability,True,True,asset,conventional_pre_elb,6,confirmatory,H3,documented_reconstruction,2.476977870490259,0.6269037777395607,4.087593398253525,10.199825539566179,-5.847966551242463,0.567444428406273,0.552324380754632,2.176947465441368,6.157010264315972,-0.8083217785597513
portfolio_excess_return__earnings_to_price__decile_06,joint_regime_factor_interactions,10.0,52.1916522467557,1.051574935814618e-07,10.0,648.0,1.0831221838890565e-05,regime_stability,True,True,asset,conventional_pre_elb,6,confirmatory,H3,documented_reconstruction,-5.782287709718597,-1.5968950891672158,1.1007451942955955,-0.9536385341493965,4.818016144091272,-0.5734348110642206,-0.7740492056335984,0.8975272867461165,-0.47625654753209273,2.2047682491748097
portfolio_excess_return__earnings_to_price__decile_06,joint_rate_beta_regime_interactions,5.0,7.417299642815437,0.1914084306895739,5.0,648.0,1.0,regime_stability,False,False,asset,conventional_pre_elb,6,confirmatory,H3,documented_reconstruction,-5.782287709718597,-1.5968950891672158,1.1007451942955955,-0.9536385341493965,4.818016144091272,-0.5734348110642206,-0.7740492056335984,0.8975272867461165,-0.47625654753209273,2.2047682491748097
portfolio_excess_return__earnings_to_price__decile_07,joint_regime_factor_interactions,10.0,10.815795559853294,0.3720482652676566,10.0,648.0,1.0,regime_stability,False,False,asset,conventional_pre_elb,6,confirmatory,H3,documented_reconstruction,6.084735880443404,-0.4517616106138126,-0.27517653654625196,-1.5028616727518624,4.397853680974228,1.0368021322585501,-0.20748305283040647,-0.20579655823862417,-0.7922111783102117,0.7898597927091439
portfolio_excess_return__earnings_to_price__decile_07,joint_rate_beta_regime_interactions,5.0,2.376988952386444,0.7948959173967435,5.0,648.0,1.0,regime_stability,False,False,asset,conventional_pre_elb,6,confirmatory,H3,documented_reconstruction,6.084735880443404,-0.4517616106138126,-0.27517653654625196,-1.5028616727518624,4.397853680974228,1.0368021322585501,-0.20748305283040647,-0.20579655823862417,-0.7922111783102117,0.7898597927091439
portfolio_excess_return__earnings_to_price__decile_08,joint_regime_factor_interactions,10.0,72.11424315289466,1.7291393789196335e-11,10.0,648.0,2.1268414360711492e-09,regime_stability,True,True,asset,conventional_pre_elb,6,confirmatory,H3,documented_reconstruction,-16.031864011966846,5.822981948075545,2.2896759353889795,-4.847184374324197,1.933994973289768,-2.1481956475452875,2.3282722102326154,1.8164494487901481,-3.9672023201699904,0.5330307235610949
portfolio_excess_return__earnings_to_price__decile_08,joint_rate_beta_regime_interactions,5.0,30.801374610679563,1.0252203654556273e-05,5.0,648.0,0.0008682351825337962,regime_stability,True,True,asset,conventional_pre_elb,6,confirmatory,H3,documented_reconstruction,-16.031864011966846,5.822981948075545,2.2896759353889795,-4.847184374324197,1.933994973289768,-2.1481956475452875,2.3282722102326154,1.8164494487901481,-3.9672023201699904,0.5330307235610949
portfolio_excess_return__earnings_to_price__decile_09,joint_regime_factor_interactions,10.0,48.59014057782871,4.841645423000325e-07,10.0,648.0,4.7932289687703216e-05,regime_stability,True,True,asset,conventional_pre_elb,6,confirmatory,H3,documented_reconstruction,-16.898290054014556,-0.7702193122288177,6.748605401286807,-6.316074382610022,2.786278784427182,-1.6308213590194973,-0.4354548154553779,3.7143554107212458,-2.658211060004238,0.647385628861636
portfolio_excess_return__earnings_to_price__decile_09,joint_rate_beta_regime_interactions,5.0,22.107121216109334,0.0004996071890766314,5.0,648.0,0.0334736816681343,regime_stability,True,True,asset,conventional_pre_elb,6,confirmatory,H3,documented_reconstruction,-16.898290054014556,-0.7702193122288177,6.748605401286807,-6.316074382610022,2.786278784427182,-1.6308213590194973,-0.4354548154553779,3.7143554107212458,-2.658211060004238,0.647385628861636
portfolio_excess_return__earnings_to_price__decile_10,joint_regime_factor_interactions,10.0,60.88064956751736,2.4683968349455156e-09,10.0,648.0,2.8633403285367984e-07,regime_stability,True,True,asset,conventional_pre_elb,6,confirmatory,H3,documented_reconstruction,-18.37402824976404,5.197761502481646,10.436477630043065,-6.3656671902406785,-1.8080513464848682,-1.509202532567662,2.17984663001633,4.6305680468355055,-1.305825449921922,-0.31794786295756305
portfolio_excess_return__earnings_to_price__decile_10,joint_rate_beta_regime_interactions,5.0,41.55043787773581,7.26244906895793e-08,5.0,648.0,7.698196013095405e-06,regime_stability,True,True,asset,conventional_pre_elb,6,confirmatory,H3,documented_reconstruction,-18.37402824976404,5.197761502481646,10.436477630043065,-6.3656671902406785,-1.8080513464848682,-1.509202532567662,2.17984663001633,4.6305680468355055,-1.305825449921922,-0.31794786295756305
portfolio_excess_return__equity_duration__decile_01,joint_regime_factor_interactions,10.0,55.27884373109851,2.8010140021271944e-08,10.0,648.0,3.02509512229737e-06,regime_stability,True,True,asset,conventional_pre_elb,6,confirmatory,H3,documented_reconstruction,-10.098057379252303,1.9389908486020522,11.888384408368625,-6.272393021312309,9.622514946237787,-1.100095832384901,1.067513632866536,5.056498930904109,-1.7977644162815505,0.8683150391035864
portfolio_excess_return__equity_duration__decile_01,joint_rate_beta_regime_interactions,5.0,35.833733780713025,1.025389075811206e-06,5.0,648.0,9.536118405044216e-05,regime_stability,True,True,asset,conventional_pre_elb,6,confirmatory,H3,documented_reconstruction,-10.098057379252303,1.9389908486020522,11.888384408368625,-6.272393021312309,9.622514946237787,-1.100095832384901,1.067513632866536,5.056498930904109,-1.7977644162815505,0.8683150391035864
portfolio_excess_return__equity_duration__decile_02,joint_regime_factor_interactions,10.0,53.355170581415706,6.396331325027315e-08,10.0,648.0,6.844074517779227e-06,regime_stability,True,True,asset,conventional_pre_elb,6,confirmatory,H3,documented_reconstruction,-17.66711826483688,-1.3919345273998942,7.235028489209273,-2.4161719755327056,2.1892032419233036,-1.7318673595697092,-0.6265471200955607,4.880337062853446,-0.9714569493284272,0.38851844306161615
portfolio_excess_return__equity_duration__decile_02,joint_rate_beta_regime_interactions,5.0,28.331487300121914,3.1350793850560405e-05,5.0,648.0,0.002476712714194272,regime_stability,True,True,asset,conventional_pre_elb,6,confirmatory,H3,documented_reconstruction,-17.66711826483688,-1.3919345273998942,7.235028489209273,-2.4161719755327056,2.1892032419233036,-1.7318673595697092,-0.6265471200955607,4.880337062853446,-0.9714569493284272,0.38851844306161615
portfolio_excess_return__equity_duration__decile_03,joint_regime_factor_interactions,10.0,126.20869523778707,2.767679422560592e-22,10.0,648.0,3.8747511915848284e-20,regime_stability,True,True,asset,conventional_pre_elb,6,confirmatory,H3,documented_reconstruction,8.47765665064687,4.277063603620239,8.63953906561089,-7.308417038127335,6.793490637040454,0.8765335855557211,2.2091973068127038,9.749618326305558,-2.6058125406201382,2.0286681950058654
portfolio_excess_return__equity_duration__decile_03,joint_rate_beta_regime_interactions,5.0,103.76340116339988,8.500481434233825e-21,5.0,648.0,1.1815669193585016e-18,regime_stability,True,True,asset,conventional_pre_elb,6,confirmatory,H3,documented_reconstruction,8.47765665064687,4.277063603620239,8.63953906561089,-7.308417038127335,6.793490637040454,0.8765335855557211,2.2091973068127038,9.749618326305558,-2.6058125406201382,2.0286681950058654
portfolio_excess_return__equity_duration__decile_04,joint_regime_factor_interactions,10.0,34.792430370586594,0.0001354678501373688,10.0,648.0,0.009753685209890553,regime_stability,True,True,asset,conventional_pre_elb,6,confirmatory,H3,documented_reconstruction,-15.376523343726927,1.4231953887827904,0.4377988219274096,0.4026266381658363,0.334111046654086,-1.8759377629941834,0.8553708688002096,0.4461239427633414,0.09005518442091134,0.07764516865895876
portfolio_excess_return__equity_duration__decile_04,joint_rate_beta_regime_interactions,5.0,4.871590171627873,0.4317518185739393,5.0,648.0,1.0,regime_stability,False,False,asset,conventional_pre_elb,6,confirmatory,H3,documented_reconstruction,-15.376523343726927,1.4231953887827904,0.4377988219274096,0.4026266381658363,0.334111046654086,-1.8759377629941834,0.8553708688002096,0.4461239427633414,0.09005518442091134,0.07764516865895876
portfolio_excess_return__equity_duration__decile_05,joint_regime_factor_interactions,10.0,29.054054661763402,0.0012211819538625259,10.0,648.0,0.07204973527788902,regime_stability,False,True,asset,conventional_pre_elb,6,confirmatory,H3,documented_reconstruction,-6.764786095165631,2.7795128524280273,2.1545362335528013,-1.9663252742716768,-0.896086985187706,-0.805908224728837,1.5833866135333894,1.7719454988801526,-1.3751926185563308,-0.23999198695186436
portfolio_excess_return__equity_duration__decile_05,joint_rate_beta_regime_interactions,5.0,8.364749121852734,0.13724630582421507,5.0,648.0,1.0,regime_stability,False,False,asset,conventional_pre_elb,6,confirmatory,H3,documented_reconstruction,-6.764786095165631,2.7795128524280273,2.1545362335528013,-1.9663252742716768,-0.896086985187706,-0.805908224728837,1.5833866135333894,1.7719454988801526,-1.3751926185563308,-0.23999198695186436
portfolio_excess_return__equity_duration__decile_06,joint_regime_factor_interactions,10.0,24.30203653295372,0.006837809142309539,10.0,648.0,0.2940257931193102,regime_stability,False,True,asset,conventional_pre_elb,6,confirmatory,H3,documented_reconstruction,-4.195651281958277,-0.38359158158949846,0.09972273451647506,3.241707142143934,6.490971828229487,-0.7714393888181308,-0.1909827197233815,0.10281584991348301,1.499019115271889,1.873364314207664
portfolio_excess_return__equity_duration__decile_06,joint_rate_beta_regime_interactions,5.0,6.467938552697833,0.26330988292448676,5.0,648.0,1.0,regime_stability,False,False,asset,conventional_pre_elb,6,confirmatory,H3,documented_reconstruction,-4.195651281958277,-0.38359158158949846,0.09972273451647506,3.241707142143934,6.490971828229487,-0.7714393888181308,-0.1909827197233815,0.10281584991348301,1.499019115271889,1.873364314207664
portfolio_excess_return__equity_duration__decile_07,joint_regime_factor_interactions,10.0,43.45058110858691,4.130249679944112e-06,10.0,648.0,0.000367592221515026,regime_stability,True,True,asset,conventional_pre_elb,6,confirmatory,H3,documented_reconstruction,-14.602160360174246,0.12948375555914593,-2.268351203443932,-1.0426106115818694,-8.754156204998884,-3.4449955964580763,0.13234746241876394,-3.336418785796397,-0.4293688357683457,-0.970018284643925
portfolio_excess_return__equity_duration__decile_07,joint_rate_beta_regime_interactions,5.0,26.15163998846474,8.339147889858306e-05,5.0,648.0,0.006087577959596564,regime_stability,True,True,asset,conventional_pre_elb,6,confirmatory,H3,documented_reconstruction,-14.602160360174246,0.12948375555914593,-2.268351203443932,-1.0426106115818694,-8.754156204998884,-3.4449955964580763,0.13234746241876394,-3.336418785796397,-0.4293688357683457,-0.970018284643925
portfolio_excess_return__equity_duration__decile_08,joint_regime_factor_interactions,10.0,31.315941138031445,0.000520214058568765,10.0,648.0,0.034334127865538494,regime_stability,True,True,asset,conventional_pre_elb,6,confirmatory,H3,documented_reconstruction,-2.1486381450847336,-0.5576217790306628,-3.3117523814081133,2.2631444599774184,3.893064444732927,-0.3724428344033241,-0.3541196260353478,-4.149188734964191,1.248578329996911,1.3700672410855892
portfolio_excess_return__equity_duration__decile_08,joint_rate_beta_regime_interactions,5.0,21.411250908225792,0.000677203112695262,5.0,648.0,0.04198659298710625,regime_stability,True,True,asset,conventional_pre_elb,6,confirmatory,H3,documented_reconstruction,-2.1486381450847336,-0.5576217790306628,-3.3117523814081133,2.2631444599774184,3.893064444732927,-0.3724428344033241,-0.3541196260353478,-4.149188734964191,1.248578329996911,1.3700672410855892
portfolio_excess_return__equity_duration__decile_09,joint_regime_factor_interactions,10.0,56.81867236096861,1.4416335645218878e-08,10.0,648.0,1.6002132566192954e-06,regime_stability,True,True,asset,conventional_pre_elb,6,confirmatory,H3,documented_reconstruction,15.731229553246417,-2.724941433560498,-2.2448174974232487,1.87257773011925,2.5471882861582418,2.589872084190796,-1.4471426392812756,-1.5757294544265383,0.5190494717322964,0.620162438255354
portfolio_excess_return__equity_duration__decile_09,joint_rate_beta_regime_interactions,5.0,11.828147186216649,0.03721996663839525,5.0,648.0,1.0,regime_stability,False,True,asset,conventional_pre_elb,6,confirmatory,H3,documented_reconstruction,15.731229553246417,-2.724941433560498,-2.2448174974232487,1.87257773011925,2.5471882861582418,2.589872084190796,-1.4471426392812756,-1.5757294544265383,0.5190494717322964,0.620162438255354
portfolio_excess_return__equity_duration__decile_10,joint_regime_factor_interactions,10.0,19.108507974492387,0.03890591577093943,10.0,648.0,1.0,regime_stability,False,True,asset,conventional_pre_elb,6,confirmatory,H3,documented_reconstruction,8.039743460876075,0.2342223960868337,-1.576510330799433,5.8238153185484975,-5.113646492589537,0.7728470547237355,0.08437747902528644,-0.6792214942075264,0.8329835922375022,-1.1883532489229143
portfolio_excess_return__equity_duration__decile_10,joint_rate_beta_regime_interactions,5.0,3.154357505373586,0.6762022938639184,5.0,648.0,1.0,regime_stability,False,False,asset,conventional_pre_elb,6,confirmatory,H3,documented_reconstruction,8.039743460876075,0.2342223960868337,-1.576510330799433,5.8238153185484975,-5.113646492589537,0.7728470547237355,0.08437747902528644,-0.6792214942075264,0.8329835922375022,-1.1883532489229143
portfolio_excess_return__inventory_growth__decile_01,joint_regime_factor_interactions,10.0,60.203450311274544,3.3167897224771636e-09,10.0,648.0,3.814308180848738e-07,regime_stability,True,True,asset,conventional_pre_elb,6,confirmatory,H3,documented_reconstruction,3.1473560226233843,5.247381689571627,-3.8903908281246595,-1.3569730237167388,19.46805442235911,0.2814020093350811,2.822199836972498,-2.736106767321093,-0.48096314992967376,4.830278454952976
portfolio_excess_return__inventory_growth__decile_01,joint_rate_beta_regime_interactions,5.0,36.11693654408691,9.000022479322377e-07,5.0,648.0,8.550021355356259e-05,regime_stability,True,True,asset,conventional_pre_elb,6,confirmatory,H3,documented_reconstruction,3.1473560226233843,5.247381689571627,-3.8903908281246595,-1.3569730237167388,19.46805442235911,0.2814020093350811,2.822199836972498,-2.736106767321093,-0.48096314992967376,4.830278454952976
portfolio_excess_return__inventory_growth__decile_02,joint_regime_factor_interactions,10.0,46.85880849458734,1.0017756536272264e-06,10.0,648.0,9.416691144095928e-05,regime_stability,True,True,asset,conventional_pre_elb,6,confirmatory,H3,documented_reconstruction,4.212609258435652,2.189752365621225,1.0634868801619586,4.9894801971047045,10.63270072717661,0.5000975528766425,0.8823072943100618,1.740181359763906,2.985221832632492,1.4079716008872454
portfolio_excess_return__inventory_growth__decile_02,joint_rate_beta_regime_interactions,5.0,19.78482058329047,0.001371401401696754,5.0,648.0,0.07816987989671498,regime_stability,False,True,asset,conventional_pre_elb,6,confirmatory,H3,documented_reconstruction,4.212609258435652,2.189752365621225,1.0634868801619586,4.9894801971047045,10.63270072717661,0.5000975528766425,0.8823072943100618,1.740181359763906,2.985221832632492,1.4079716008872454
portfolio_excess_return__inventory_growth__decile_03,joint_regime_factor_interactions,10.0,38.67520244820776,2.8937317427814673e-05,10.0,648.0,0.0023149853942251736,regime_stability,True,True,asset,conventional_pre_elb,6,confirmatory,H3,documented_reconstruction,-5.204507068740677,-0.916397596907707,0.3971014739621608,-5.959139725412893,2.8075455730662897,-0.5322416443646251,-0.5104079306452081,0.34447380886869367,-3.8704754555920022,0.510378369796414
portfolio_excess_return__inventory_growth__decile_03,joint_rate_beta_regime_interactions,5.0,15.84849249856944,0.007290213837550491,5.0,648.0,0.30288472746594325,regime_stability,False,True,asset,conventional_pre_elb,6,confirmatory,H3,documented_reconstruction,-5.204507068740677,-0.916397596907707,0.3971014739621608,-5.959139725412893,2.8075455730662897,-0.5322416443646251,-0.5104079306452081,0.34447380886869367,-3.8704754555920022,0.510378369796414
portfolio_excess_return__inventory_growth__decile_04,joint_regime_factor_interactions,10.0,172.2610211680157,9.436539070968495e-32,10.0,648.0,1.3305520090065578e-29,regime_stability,True,True,asset,conventional_pre_elb,6,confirmatory,H3,documented_reconstruction,-0.021915671027915806,0.04443801511007617,-0.6839829213377433,1.066749573010286,-5.474831650246457,-0.003378310867517075,0.023329201473804573,-1.124093489721269,0.33762346532308146,-1.7269323065928515
portfolio_excess_return__inventory_growth__decile_04,joint_rate_beta_regime_interactions,5.0,4.496293822011256,0.4803794651330566,5.0,648.0,1.0,regime_stability,False,False,asset,conventional_pre_elb,6,confirmatory,H3,documented_reconstruction,-0.021915671027915806,0.04443801511007617,-0.6839829213377433,1.066749573010286,-5.474831650246457,-0.003378310867517075,0.023329201473804573,-1.124093489721269,0.33762346532308146,-1.7269323065928515
portfolio_excess_return__inventory_growth__decile_05,joint_regime_factor_interactions,10.0,13.315753034773035,0.20654957734186263,10.0,648.0,1.0,regime_stability,False,False,asset,conventional_pre_elb,6,confirmatory,H3,documented_reconstruction,4.62761213222867,0.42781372663028305,-3.5456618882711366,-7.703421941043921,1.3624221171218762,0.9577890514291172,0.204398560500575,-2.827989213328283,-2.822013442318995,0.29473923589933954
portfolio_excess_return__inventory_growth__decile_05,joint_rate_beta_regime_interactions,5.0,11.576901330969477,0.04106837881335723,5.0,648.0,1.0,regime_stability,False,True,asset,conventional_pre_elb,6,confirmatory,H3,documented_reconstruction,4.62761213222867,0.42781372663028305,-3.5456618882711366,-7.703421941043921,1.3624221171218762,0.9577890514291172,0.204398560500575,-2.827989213328283,-2.822013442318995,0.29473923589933954
portfolio_excess_return__inventory_growth__decile_06,joint_regime_factor_interactions,10.0,31.285722545600482,0.0005262431167733293,10.0,648.0,0.034334127865538494,regime_stability,True,True,asset,conventional_pre_elb,6,confirmatory,H3,documented_reconstruction,-6.279027594057579,1.2661187649873358,-0.8457542477552202,4.213270399709518,-5.03727195907358,-1.0902642886633522,0.7404894346810186,-1.202660938993409,2.017747742001817,-1.7896798595843548
portfolio_excess_return__inventory_growth__decile_06,joint_rate_beta_regime_interactions,5.0,10.14187063878392,0.07131376867160047,5.0,648.0,1.0,regime_stability,False,False,asset,conventional_pre_elb,6,confirmatory,H3,documented_reconstruction,-6.279027594057579,1.2661187649873358,-0.8457542477552202,4.213270399709518,-5.03727195907358,-1.0902642886633522,0.7404894346810186,-1.202660938993409,2.017747742001817,-1.7896798595843548
portfolio_excess_return__inventory_growth__decile_07,joint_regime_factor_interactions,10.0,80.62956182148956,3.778313895513091e-13,10.0,648.0,4.874024925211887e-11,regime_stability,True,True,asset,conventional_pre_elb,6,confirmatory,H3,documented_reconstruction,0.8031496123876973,1.6436997322640847,1.544735741840233,-3.48927470246562,10.07121344363328,0.14205010438264595,1.4962827932990357,1.6513741855821258,-1.958808468995625,3.060877200584971
portfolio_excess_return__inventory_growth__decile_07,joint_rate_beta_regime_interactions,5.0,17.216823662279626,0.004106422784846736,5.0,648.0,0.18889544810294986,regime_stability,False,True,asset,conventional_pre_elb,6,confirmatory,H3,documented_reconstruction,0.8031496123876973,1.6436997322640847,1.544735741840233,-3.48927470246562,10.07121344363328,0.14205010438264595,1.4962827932990357,1.6513741855821258,-1.958808468995625,3.060877200584971
portfolio_excess_return__inventory_growth__decile_08,joint_regime_factor_interactions,10.0,56.38091163075119,1.7417438712095047e-08,10.0,648.0,1.8985008196183601e-06,regime_stability,True,True,asset,conventional_pre_elb,6,confirmatory,H3,documented_reconstruction,-0.8429641064125093,2.465018306489322,-0.9712994762991567,7.830990633483754,0.9879452659760837,-0.20257619011193775,1.653897877042566,-0.7163511064387315,2.354365077297332,0.17192928671863816
portfolio_excess_return__inventory_growth__decile_08,joint_rate_beta_regime_interactions,5.0,7.257342777208623,0.20219408461423952,5.0,648.0,1.0,regime_stability,False,False,asset,conventional_pre_elb,6,confirmatory,H3,documented_reconstruction,-0.8429641064125093,2.465018306489322,-0.9712994762991567,7.830990633483754,0.9879452659760837,-0.20257619011193775,1.653897877042566,-0.7163511064387315,2.354365077297332,0.17192928671863816
portfolio_excess_return__inventory_growth__decile_09,joint_regime_factor_interactions,10.0,73.50694490793062,9.282749977452743e-12,10.0,648.0,1.1696264971590456e-09,regime_stability,True,True,asset,conventional_pre_elb,6,confirmatory,H3,documented_reconstruction,-20.52967639400289,-7.424754420966365,-3.4332138606504436,4.335343359741657,0.5330785259914919,-2.276983129542715,-1.9214354313639321,-3.8023362409899635,1.1654455564350354,0.09869309406339317
portfolio_excess_return__inventory_growth__decile_09,joint_rate_beta_regime_interactions,5.0,25.006646525830167,0.00013892266266699716,5.0,648.0,0.009863509049356798,regime_stability,True,True,asset,conventional_pre_elb,6,confirmatory,H3,documented_reconstruction,-20.52967639400289,-7.424754420966365,-3.4332138606504436,4.335343359741657,0.5330785259914919,-2.276983129542715,-1.9214354313639321,-3.8023362409899635,1.1654455564350354,0.09869309406339317
portfolio_excess_return__inventory_growth__decile_10,joint_regime_factor_interactions,10.0,36.63036769269705,6.5558905818475e-05,10.0,648.0,0.005048035748022575,regime_stability,True,True,asset,conventional_pre_elb,6,confirmatory,H3,documented_reconstruction,-0.7739574090386245,1.1182385411757338,1.1340796423792678,-2.5157405102798,-1.41294193115721,-0.09883794460572667,0.37574523367187956,1.192179846786612,-3.64179130840438,-0.1688067423701898
portfolio_excess_return__inventory_growth__decile_10,joint_rate_beta_regime_interactions,5.0,14.536672735449473,0.012536842218350532,5.0,648.0,0.5014736887340212,regime_stability,False,True,asset,conventional_pre_elb,6,confirmatory,H3,documented_reconstruction,-0.7739574090386245,1.1182385411757338,1.1340796423792678,-2.5157405102798,-1.41294193115721,-0.09883794460572667,0.37574523367187956,1.192179846786612,-3.64179130840438,-0.1688067423701898
portfolio_excess_return__investment_to_assets__decile_01,joint_regime_factor_interactions,10.0,29.316897737241234,0.0011069952280219177,10.0,648.0,0.06641971368131507,regime_stability,False,True,asset,conventional_pre_elb,6,confirmatory,H3,documented_reconstruction,6.188041683615091,1.6991964805243898,-0.901305400579866,-7.56866233304514,5.020444337036238,1.0740046245082233,1.0745343215900665,-0.5570589666930384,-1.3612179179933463,1.0728174647578164
portfolio_excess_return__investment_to_assets__decile_01,joint_rate_beta_regime_interactions,5.0,5.603735909204689,0.3467048893170165,5.0,648.0,1.0,regime_stability,False,False,asset,conventional_pre_elb,6,confirmatory,H3,documented_reconstruction,6.188041683615091,1.6991964805243898,-0.901305400579866,-7.56866233304514,5.020444337036238,1.0740046245082233,1.0745343215900665,-0.5570589666930384,-1.3612179179933463,1.0728174647578164
portfolio_excess_return__investment_to_assets__decile_02,joint_regime_factor_interactions,10.0,28.33552731407293,0.0015948347940242334,10.0,648.0,0.08771591367133283,regime_stability,False,True,asset,conventional_pre_elb,6,confirmatory,H3,documented_reconstruction,7.295671868142573,3.7572539968658205,1.1297245378106684,5.761679154553736,6.3850297263986855,0.8053627047955514,2.3864250507637808,0.9487657408998884,1.5527617255154618,0.46678654441597045
portfolio_excess_return__investment_to_assets__decile_02,joint_rate_beta_regime_interactions,5.0,9.92328397738071,0.07743837350672271,5.0,648.0,1.0,regime_stability,False,False,asset,conventional_pre_elb,6,confirmatory,H3,documented_reconstruction,7.295671868142573,3.7572539968658205,1.1297245378106684,5.761679154553736,6.3850297263986855,0.8053627047955514,2.3864250507637808,0.9487657408998884,1.5527617255154618,0.46678654441597045
portfolio_excess_return__investment_to_assets__decile_03,joint_regime_factor_interactions,10.0,30.92387787805543,0.0006039511723330172,10.0,648.0,0.038652875029313104,regime_stability,True,True,asset,conventional_pre_elb,6,confirmatory,H3,documented_reconstruction,8.380055380794289,0.5296201370842936,-0.702164509050005,-2.256947969848122,3.521787831440106,1.4165813901097744,0.2492554677787952,-0.6384063829826837,-1.5833668497905107,1.2142287169254593
portfolio_excess_return__investment_to_assets__decile_03,joint_rate_beta_regime_interactions,5.0,6.246134763060716,0.2830003439017069,5.0,648.0,1.0,regime_stability,False,False,asset,conventional_pre_elb,6,confirmatory,H3,documented_reconstruction,8.380055380794289,0.5296201370842936,-0.702164509050005,-2.256947969848122,3.521787831440106,1.4165813901097744,0.2492554677787952,-0.6384063829826837,-1.5833668497905107,1.2142287169254593
portfolio_excess_return__investment_to_assets__decile_04,joint_regime_factor_interactions,10.0,99.16227313232419,8.016296229867667e-17,10.0,648.0,1.0581511023425321e-14,regime_stability,True,True,asset,conventional_pre_elb,6,confirmatory,H3,documented_reconstruction,-11.660558447205245,0.7018707939847859,3.4305294171821137,-5.721609806365148,-0.2886036959756044,-1.251033569269757,0.503837234114831,4.957345362329764,-2.833695727513609,-0.0811537138564356
portfolio_excess_return__investment_to_assets__decile_04,joint_rate_beta_regime_interactions,5.0,36.958096863903705,6.1064510435224e-07,5.0,648.0,5.9232575122167275e-05,regime_stability,True,True,asset,conventional_pre_elb,6,confirmatory,H3,documented_reconstruction,-11.660558447205245,0.7018707939847859,3.4305294171821137,-5.721609806365148,-0.2886036959756044,-1.251033569269757,0.503837234114831,4.957345362329764,-2.833695727513609,-0.0811537138564356
portfolio_excess_return__investment_to_assets__decile_05,joint_regime_factor_interactions,10.0,25.439911327681,0.004571180207717111,10.0,648.0,0.20113192913955288,regime_stability,False,True,asset,conventional_pre_elb,6,confirmatory,H3,documented_reconstruction,9.320996344177448,0.13869216172456178,1.187689451872954,-0.8514192889465004,0.3683738331478752,1.6099152078894656,0.07794380929944433,2.0330490948424598,-1.0276919752721838,0.14108145823616453
portfolio_excess_return__investment_to_assets__decile_05,joint_rate_beta_regime_interactions,5.0,8.037868758686663,0.1541609179128427,5.0,648.0,1.0,regime_stability,False,False,asset,conventional_pre_elb,6,confirmatory,H3,documented_reconstruction,9.320996344177448,0.13869216172456178,1.187689451872954,-0.8514192889465004,0.3683738331478752,1.6099152078894656,0.07794380929944433,2.0330490948424598,-1.0276919752721838,0.14108145823616453
portfolio_excess_return__investment_to_assets__decile_06,joint_regime_factor_interactions,10.0,4.243085929477523,0.9357153359705425,10.0,648.0,1.0,regime_stability,False,False,asset,conventional_pre_elb,6,confirmatory,H3,documented_reconstruction,-2.0943155124969035,0.4669060934277742,-0.9003860803191559,-1.0631364701209485,-0.008018232382388746,-0.3387306239480727,0.3518296253667946,-1.2063358219773173,-0.4186208548326679,-0.0017916793693771344
portfolio_excess_return__investment_to_assets__decile_06,joint_rate_beta_regime_interactions,5.0,1.9677848400526206,0.853584429046117,5.0,648.0,1.0,regime_stability,False,False,asset,conventional_pre_elb,6,confirmatory,H3,documented_reconstruction,-2.0943155124969035,0.4669060934277742,-0.9003860803191559,-1.0631364701209485,-0.008018232382388746,-0.3387306239480727,0.3518296253667946,-1.2063358219773173,-0.4186208548326679,-0.0017916793693771344
portfolio_excess_return__investment_to_assets__decile_07,joint_regime_factor_interactions,10.0,87.19163939436865,1.9270355612926772e-14,10.0,648.0,2.5051462296804803e-12,regime_stability,True,True,asset,conventional_pre_elb,6,confirmatory,H3,documented_reconstruction,-4.947408628613555,0.7048412384667753,-2.8832482280995686,0.9238664915001387,8.537543494572816,-0.9763246146031331,0.5813656510959638,-4.895506706119828,0.6692985793202025,3.910525788611406
portfolio_excess_return__investment_to_assets__decile_07,joint_rate_beta_regime_interactions,5.0,41.05812797759138,9.132474977875149e-08,5.0,648.0,9.540542606051155e-06,regime_stability,True,True,asset,conventional_pre_elb,6,confirmatory,H3,documented_reconstruction,-4.947408628613555,0.7048412384667753,-2.8832482280995686,0.9238664915001387,8.537543494572816,-0.9763246146031331,0.5813656510959638,-4.895506706119828,0.6692985793202025,3.910525788611406
portfolio_excess_return__investment_to_assets__decile_08,joint_regime_factor_interactions,10.0,71.7628334243982,2.022555100622241e-11,10.0,648.0,2.467517222759134e-09,regime_stability,True,True,asset,conventional_pre_elb,6,confirmatory,H3,documented_reconstruction,-9.414077371184074,-2.9869944720588206,1.2097074707862827,11.844458080738196,-9.058629550552205,-0.8285738848198546,-1.266661976938958,1.8333649473425662,4.12516605206984,-3.0035144814790895
portfolio_excess_return__investment_to_assets__decile_08,joint_rate_beta_regime_interactions,5.0,28.876809288725656,2.4514181516846695e-05,5.0,648.0,0.001985648702864582,regime_stability,True,True,asset,conventional_pre_elb,6,confirmatory,H3,documented_reconstruction,-9.414077371184074,-2.9869944720588206,1.2097074707862827,11.844458080738196,-9.058629550552205,-0.8285738848198546,-1.266661976938958,1.8333649473425662,4.12516605206984,-3.0035144814790895
portfolio_excess_return__investment_to_assets__decile_09,joint_regime_factor_interactions,10.0,46.328289337638246,1.2505732779253148e-06,10.0,648.0,0.00011505274156912896,regime_stability,True,True,asset,conventional_pre_elb,6,confirmatory,H3,documented_reconstruction,-11.593905745487287,-0.4691867610664606,-1.3063515671389627,-2.7819765475126204,3.330128612213997,-1.672218011403319,-0.18279650797206448,-1.5245341135900083,-0.7651363899536514,0.7485473270914633
portfolio_excess_return__investment_to_assets__decile_09,joint_rate_beta_regime_interactions,5.0,6.649652879317393,0.24802673273175752,5.0,648.0,1.0,regime_stability,False,False,asset,conventional_pre_elb,6,confirmatory,H3,documented_reconstruction,-11.593905745487287,-0.4691867610664606,-1.3063515671389627,-2.7819765475126204,3.330128612213997,-1.672218011403319,-0.18279650797206448,-1.5245341135900083,-0.7651363899536514,0.7485473270914633
portfolio_excess_return__investment_to_assets__decile_10,joint_regime_factor_interactions,10.0,50.62001733380317,2.0522060128973325e-07,10.0,648.0,2.0727280730263058e-05,regime_stability,True,True,asset,conventional_pre_elb,6,confirmatory,H3,documented_reconstruction,1.2699425352329676,-3.020052509009303,-2.2987148344291004,1.1913367716678422,-0.1686010937351421,0.19909547519523044,-1.6507585640886269,-1.5025416197138903,0.48850366874824713,-0.041446631479708056
portfolio_excess_return__investment_to_assets__decile_10,joint_rate_beta_regime_interactions,5.0,5.253369173486498,0.3857476488115261,5.0,648.0,1.0,regime_stability,False,False,asset,conventional_pre_elb,6,confirmatory,H3,documented_reconstruction,1.2699425352329676,-3.020052509009303,-2.2987148344291004,1.1913367716678422,-0.1686010937351421,0.19909547519523044,-1.6507585640886269,-1.5025416197138903,0.48850366874824713,-0.041446631479708056
portfolio_excess_return__long_term_reversal__decile_01,joint_regime_factor_interactions,10.0,196.4033482932431,9.071683138266663e-37,10.0,648.0,1.288179005633866e-34,regime_stability,True,True,asset,conventional_pre_elb,6,confirmatory,H3,documented_reconstruction,1.9500811961603013,4.79609958411751,5.87090936829519,9.42074767394835,-13.47392543662378,0.0928830559774894,2.209028736853442,2.586780170521359,1.0927038559138722,-3.557225807001239
portfolio_excess_return__long_term_reversal__decile_01,joint_rate_beta_regime_interactions,5.0,32.27537079708449,5.239968197583107e-06,5.0,648.0,0.0004558772331897303,regime_stability,True,True,asset,conventional_pre_elb,6,confirmatory,H3,documented_reconstruction,1.9500811961603013,4.79609958411751,5.87090936829519,9.42074767394835,-13.47392543662378,0.0928830559774894,2.209028736853442,2.586780170521359,1.0927038559138722,-3.557225807001239
portfolio_excess_return__long_term_reversal__decile_02,joint_regime_factor_interactions,10.0,72.18062229842585,1.6786786286641412e-11,10.0,648.0,2.081561499543535e-09,regime_stability,True,True,asset,conventional_pre_elb,6,confirmatory,H3,documented_reconstruction,7.952634074095201,4.954559770917808,6.288079406631884,-7.64474709555917,-1.3364080408540193,0.5213745469814065,3.6597788668689963,4.9599991609824805,-1.4232882907757634,-0.4503485177340313
portfolio_excess_return__long_term_reversal__decile_02,joint_rate_beta_regime_interactions,5.0,40.086279982054016,1.4347186624777891e-07,5.0,648.0,1.4634130357273449e-05,regime_stability,True,True,asset,conventional_pre_elb,6,confirmatory,H3,documented_reconstruction,7.952634074095201,4.954559770917808,6.288079406631884,-7.64474709555917,-1.3364080408540193,0.5213745469814065,3.6597788668689963,4.9599991609824805,-1.4232882907757634,-0.4503485177340313
portfolio_excess_return__long_term_reversal__decile_03,joint_regime_factor_interactions,10.0,26.064541593293395,0.0036543439718533183,10.0,648.0,0.17175416667710597,regime_stability,False,True,asset,conventional_pre_elb,6,confirmatory,H3,documented_reconstruction,0.5669403929835877,3.1894827012499,1.5006349233083691,4.387863665764071,-3.373081058943859,0.04873410297912978,1.5177805347077011,1.32226616355504,0.500116455444432,-0.8367810495178112
portfolio_excess_return__long_term_reversal__decile_03,joint_rate_beta_regime_interactions,5.0,5.001381105423949,0.4157116580683334,5.0,648.0,1.0,regime_stability,False,False,asset,conventional_pre_elb,6,confirmatory,H3,documented_reconstruction,0.5669403929835877,3.1894827012499,1.5006349233083691,4.387863665764071,-3.373081058943859,0.04873410297912978,1.5177805347077011,1.32226616355504,0.500116455444432,-0.8367810495178112
portfolio_excess_return__long_term_reversal__decile_04,joint_regime_factor_interactions,10.0,110.3599368731479,4.514437950924916e-19,10.0,648.0,6.229924372276383e-17,regime_stability,True,True,asset,conventional_pre_elb,6,confirmatory,H3,documented_reconstruction,-6.951821000039129,1.533984173635797,4.699653952544947,-10.94033244761164,16.655996164377985,-0.5999092819946831,1.1578070653662789,3.383972011941698,-3.285305068699574,5.300460431827703
portfolio_excess_return__long_term_reversal__decile_04,joint_rate_beta_regime_interactions,5.0,49.09337832685309,2.123833651471812e-09,5.0,648.0,2.48488537222202e-07,regime_stability,True,True,asset,conventional_pre_elb,6,confirmatory,H3,documented_reconstruction,-6.951821000039129,1.533984173635797,4.699653952544947,-10.94033244761164,16.655996164377985,-0.5999092819946831,1.1578070653662789,3.383972011941698,-3.285305068699574,5.300460431827703
portfolio_excess_return__long_term_reversal__decile_05,joint_regime_factor_interactions,10.0,66.78826104530675,1.8412993830678466e-10,10.0,648.0,2.2095592596814158e-08,regime_stability,True,True,asset,conventional_pre_elb,6,confirmatory,H3,documented_reconstruction,8.94237379672156,0.10564159507799609,6.847548513609271,-6.701833418971548,1.678427886968704,1.894854396744072,0.07961379607182029,4.729418040153012,-3.123077459751186,0.3600805601279939
portfolio_excess_return__long_term_reversal__decile_05,joint_rate_beta_regime_interactions,5.0,32.55190425045962,4.618557041642471e-06,5.0,648.0,0.0004064330196645374,regime_stability,True,True,asset,conventional_pre_elb,6,confirmatory,H3,documented_reconstruction,8.94237379672156,0.10564159507799609,6.847548513609271,-6.701833418971548,1.678427886968704,1.894854396744072,0.07961379607182029,4.729418040153012,-3.123077459751186,0.3600805601279939
portfolio_excess_return__long_term_reversal__decile_06,joint_regime_factor_interactions,10.0,24.150199768803642,0.007211541130141505,10.0,648.0,0.30288472746594325,regime_stability,False,True,asset,conventional_pre_elb,6,confirmatory,H3,documented_reconstruction,6.567584037072883,1.7829998768073299,-2.211049630048146,4.37905765497095,-3.9193083318223767,1.3537328680983007,1.2037827294434928,-2.486432318188633,1.7936828102369868,-0.8281220583087281
portfolio_excess_return__long_term_reversal__decile_06,joint_rate_beta_regime_interactions,5.0,12.696863860637828,0.02639128345980602,5.0,648.0,1.0,regime_stability,False,True,asset,conventional_pre_elb,6,confirmatory,H3,documented_reconstruction,6.567584037072883,1.7829998768073299,-2.211049630048146,4.37905765497095,-3.9193083318223767,1.3537328680983007,1.2037827294434928,-2.486432318188633,1.7936828102369868,-0.8281220583087281
portfolio_excess_return__long_term_reversal__decile_07,joint_regime_factor_interactions,10.0,30.208976738792973,0.0007917391987245983,10.0,648.0,0.04829609112220049,regime_stability,True,True,asset,conventional_pre_elb,6,confirmatory,H3,documented_reconstruction,-2.5102308701369154,0.8108428738666063,-0.12751925621209637,-1.7079831443324647,1.568412102587983,-0.4006243860874576,0.4496470717798837,-0.14166280140084597,-2.191899119179232,0.7133785964075859
portfolio_excess_return__long_term_reversal__decile_07,joint_rate_beta_regime_interactions,5.0,6.401953709316931,0.2690473781218472,5.0,648.0,1.0,regime_stability,False,False,asset,conventional_pre_elb,6,confirmatory,H3,documented_reconstruction,-2.5102308701369154,0.8108428738666063,-0.12751925621209637,-1.7079831443324647,1.568412102587983,-0.4006243860874576,0.4496470717798837,-0.14166280140084597,-2.191899119179232,0.7133785964075859
portfolio_excess_return__long_term_reversal__decile_08,joint_regime_factor_interactions,10.0,27.4879835780446,0.0021790520133366134,10.0,648.0,0.11113165268016728,regime_stability,False,True,asset,conventional_pre_elb,6,confirmatory,H3,documented_reconstruction,-6.19554372872094,2.1495226685692046,-0.02506246851156302,2.3944796519496556,-4.98899025419857,-0.8188453412717345,1.2490144281589708,-0.04128048577306234,0.9749786151607346,-1.0551939208755723
portfolio_excess_return__long_term_reversal__decile_08,joint_rate_beta_regime_interactions,5.0,4.869867836058493,0.4319674103381351,5.0,648.0,1.0,regime_stability,False,False,asset,conventional_pre_elb,6,confirmatory,H3,documented_reconstruction,-6.19554372872094,2.1495226685692046,-0.02506246851156302,2.3944796519496556,-4.98899025419857,-0.8188453412717345,1.2490144281589708,-0.04128048577306234,0.9749786151607346,-1.0551939208755723
portfolio_excess_return__long_term_reversal__decile_09,joint_regime_factor_interactions,10.0,44.84627736012137,2.318075618108835e-06,10.0,648.0,0.000210944881247904,regime_stability,True,True,asset,conventional_pre_elb,6,confirmatory,H3,documented_reconstruction,-12.15009184860082,1.1799286551819872,-2.1371590328413355,-1.3441301608414697,13.128801943916052,-2.4089402655112266,1.175235612101254,-4.019957864388612,-0.9928384610272716,2.352351440965066
portfolio_excess_return__long_term_reversal__decile_09,joint_rate_beta_regime_interactions,5.0,31.24704495108309,8.37176403209977e-06,5.0,648.0,0.0007199717067605802,regime_stability,True,True,asset,conventional_pre_elb,6,confirmatory,H3,documented_reconstruction,-12.15009184860082,1.1799286551819872,-2.1371590328413355,-1.3441301608414697,13.128801943916052,-2.4089402655112266,1.175235612101254,-4.019957864388612,-0.9928384610272716,2.352351440965066
portfolio_excess_return__long_term_reversal__decile_10,joint_regime_factor_interactions,10.0,60.170490901800726,3.364784856041333e-09,10.0,648.0,3.83585473588712e-07,regime_stability,True,True,asset,conventional_pre_elb,6,confirmatory,H3,documented_reconstruction,-4.566997416672624,-3.9528424891153477,-5.271555901709917,0.5044885238614789,10.701677134946731,-0.5509500290140316,-1.538915237651443,-3.6053506817950636,0.16393887090580916,1.97527177462783
portfolio_excess_return__long_term_reversal__decile_10,joint_rate_beta_regime_interactions,5.0,19.95434083477759,0.0012746269870053493,5.0,648.0,0.07392836524631026,regime_stability,False,True,asset,conventional_pre_elb,6,confirmatory,H3,documented_reconstruction,-4.566997416672624,-3.9528424891153477,-5.271555901709917,0.5044885238614789,10.701677134946731,-0.5509500290140316,-1.538915237651443,-3.6053506817950636,0.16393887090580916,1.97527177462783
portfolio_excess_return__ppe_investment__decile_01,joint_regime_factor_interactions,10.0,74.44040415191213,6.113307650302317e-12,10.0,648.0,7.763900715883942e-10,regime_stability,True,True,asset,conventional_pre_elb,6,confirmatory,H3,documented_reconstruction,-0.6629619041748871,3.8954754615595957,5.84348412847414,-7.9840048172944655,9.471080011303789,-0.08523370656304224,1.7127653216784189,4.958317069162325,-2.419501302356074,2.9307398642972
portfolio_excess_return__ppe_investment__decile_01,joint_rate_beta_regime_interactions,5.0,44.64931203436844,1.7096492096589398e-08,5.0,648.0,1.8806141306248338e-06,regime_stability,True,True,asset,conventional_pre_elb,6,confirmatory,H3,documented_reconstruction,-0.6629619041748871,3.8954754615595957,5.84348412847414,-7.9840048172944655,9.471080011303789,-0.08523370656304224,1.7127653216784189,4.958317069162325,-2.419501302356074,2.9307398642972
portfolio_excess_return__ppe_investment__decile_02,joint_regime_factor_interactions,10.0,98.01045529959029,1.3621333415533257e-16,10.0,648.0,1.7843946774348568e-14,regime_stability,True,True,asset,conventional_pre_elb,6,confirmatory,H3,documented_reconstruction,-9.217921593608576,1.8920223851590894,-1.1472785375292203,-1.4229888261102417,11.456264332007883,-0.8855260432908033,1.3118796233875583,-1.336587150022436,-0.7470708101633241,7.108065644605573
portfolio_excess_return__ppe_investment__decile_02,joint_rate_beta_regime_interactions,5.0,53.99536761654452,2.1004252708977644e-10,5.0,648.0,2.4995060723683396e-08,regime_stability,True,True,asset,conventional_pre_elb,6,confirmatory,H3,documented_reconstruction,-9.217921593608576,1.8920223851590894,-1.1472785375292203,-1.4229888261102417,11.456264332007883,-0.8855260432908033,1.3118796233875583,-1.336587150022436,-0.7470708101633241,7.108065644605573
portfolio_excess_return__ppe_investment__decile_03,joint_regime_factor_interactions,10.0,49.76013057989514,2.9543067028406096e-07,10.0,648.0,2.9543067028406095e-05,regime_stability,True,True,asset,conventional_pre_elb,6,confirmatory,H3,documented_reconstruction,-4.335397578809781,0.15936342695888706,-0.9448718980534649,-0.31440196427889155,-4.1580364691398355,-1.220425248186133,0.0957931754954793,-1.479709227357669,-0.1263649179428331,-1.4820532928569008
portfolio_excess_return__ppe_investment__decile_03,joint_rate_beta_regime_interactions,5.0,5.683522721920136,0.338241194259892,5.0,648.0,1.0,regime_stability,False,False,asset,conventional_pre_elb,6,confirmatory,H3,documented_reconstruction,-4.335397578809781,0.15936342695888706,-0.9448718980534649,-0.31440196427889155,-4.1580364691398355,-1.220425248186133,0.0957931754954793,-1.479709227357669,-0.1263649179428331,-1.4820532928569008
portfolio_excess_return__ppe_investment__decile_04,joint_regime_factor_interactions,10.0,47.289837297648134,8.362768281882089e-07,10.0,648.0,8.028257550606805e-05,regime_stability,True,True,asset,conventional_pre_elb,6,confirmatory,H3,documented_reconstruction,3.598726209678219,0.24467118828399337,-0.6722460313177683,1.0681558550499481,-2.2768078543556483,0.6830742528065225,0.2084424011355546,-1.0280393271405004,1.1303896463681204,-0.9161736549102902
portfolio_excess_return__ppe_investment__decile_04,joint_rate_beta_regime_interactions,5.0,3.4894839613786144,0.6249794326755602,5.0,648.0,1.0,regime_stability,False,False,asset,conventional_pre_elb,6,confirmatory,H3,documented_reconstruction,3.598726209678219,0.24467118828399337,-0.6722460313177683,1.0681558550499481,-2.2768078543556483,0.6830742528065225,0.2084424011355546,-1.0280393271405004,1.1303896463681204,-0.9161736549102902
portfolio_excess_return__ppe_investment__decile_05,joint_regime_factor_interactions,10.0,37.15810561265432,5.3137602420926304e-05,10.0,648.0,0.004144732988832252,regime_stability,True,True,asset,conventional_pre_elb,6,confirmatory,H3,documented_reconstruction,1.4215451846932101,1.4796826509736187,0.6910797293355424,0.402793957551987,3.4255294229392055,0.4648149769521819,1.1790133252403892,0.9020823417232473,0.37749556068376794,0.6925539955080185
portfolio_excess_return__ppe_investment__decile_05,joint_rate_beta_regime_interactions,5.0,2.9920685660091833,0.7012087048474352,5.0,648.0,1.0,regime_stability,False,False,asset,conventional_pre_elb,6,confirmatory,H3,documented_reconstruction,1.4215451846932101,1.4796826509736187,0.6910797293355424,0.402793957551987,3.4255294229392055,0.4648149769521819,1.1790133252403892,0.9020823417232473,0.37749556068376794,0.6925539955080185
portfolio_excess_return__ppe_investment__decile_06,joint_regime_factor_interactions,10.0,17.743273198014588,0.05945178504460258,10.0,648.0,1.0,regime_stability,False,False,asset,conventional_pre_elb,6,confirmatory,H3,documented_reconstruction,0.7093922591544164,1.401510959949531,-1.9828014246630845,0.08052993174213796,2.204317918488771,0.15334172797257978,1.4672291362364682,-2.119819619233107,0.030498487808434116,0.3705913429965578
portfolio_excess_return__ppe_investment__decile_06,joint_rate_beta_regime_interactions,5.0,7.3361920292453755,0.1968136690964166,5.0,648.0,1.0,regime_stability,False,False,asset,conventional_pre_elb,6,confirmatory,H3,documented_reconstruction,0.7093922591544164,1.401510959949531,-1.9828014246630845,0.08052993174213796,2.204317918488771,0.15334172797257978,1.4672291362364682,-2.119819619233107,0.030498487808434116,0.3705913429965578
portfolio_excess_return__ppe_investment__decile_07,joint_regime_factor_interactions,10.0,30.855109150378688,0.0006199362965866934,10.0,648.0,0.039055986684961685,regime_stability,True,True,asset,conventional_pre_elb,6,confirmatory,H3,documented_reconstruction,-11.352154821470752,-4.175016863812134,-1.0120079146554888,12.512610197764147,6.854509032569516,-0.9922510013391154,-1.5435053047901948,-1.129191951659793,3.3201903917148368,1.345344376640458
portfolio_excess_return__ppe_investment__decile_07,joint_rate_beta_regime_interactions,5.0,17.70091641097157,0.003345567437996448,5.0,648.0,0.16183609386170858,regime_stability,False,True,asset,conventional_pre_elb,6,confirmatory,H3,documented_reconstruction,-11.352154821470752,-4.175016863812134,-1.0120079146554888,12.512610197764147,6.854509032569516,-0.9922510013391154,-1.5435053047901948,-1.129191951659793,3.3201903917148368,1.345344376640458
portfolio_excess_return__ppe_investment__decile_08,joint_regime_factor_interactions,10.0,75.33118998353704,4.101366251536554e-12,10.0,648.0,5.249748801966789e-10,regime_stability,True,True,asset,conventional_pre_elb,6,confirmatory,H3,documented_reconstruction,5.9694413213472615,-1.9927540695969475,-2.8830128138164577,1.1626449103190506,3.8462641576552965,0.5641094630446483,-1.569229813789698,-3.412653098750094,1.068468997365,1.594855198850133
portfolio_excess_return__ppe_investment__decile_08,joint_rate_beta_regime_interactions,5.0,18.99422086563363,0.0019269067608998687,5.0,648.0,0.10019915156679317,regime_stability,False,True,asset,conventional_pre_elb,6,confirmatory,H3,documented_reconstruction,5.9694413213472615,-1.9927540695969475,-2.8830128138164577,1.1626449103190506,3.8462641576552965,0.5641094630446483,-1.569229813789698,-3.412653098750094,1.068468997365,1.594855198850133
portfolio_excess_return__ppe_investment__decile_09,joint_regime_factor_interactions,10.0,28.608870469840298,0.001441182288131713,10.0,648.0,0.08070620813537593,regime_stability,False,True,asset,conventional_pre_elb,6,confirmatory,H3,documented_reconstruction,-4.374130039413295,1.1616788769170832,0.31017315175165816,0.21118938309326118,7.622858695348622,-0.5841547120292087,0.4918018090567215,0.550637616179471,0.08814174660301731,2.5541575731395345
portfolio_excess_return__ppe_investment__decile_09,joint_rate_beta_regime_interactions,5.0,7.766665430053845,0.1695726675080027,5.0,648.0,1.0,regime_stability,False,False,asset,conventional_pre_elb,6,confirmatory,H3,documented_reconstruction,-4.374130039413295,1.1616788769170832,0.31017315175165816,0.21118938309326118,7.622858695348622,-0.5841547120292087,0.4918018090567215,0.550637616179471,0.08814174660301731,2.5541575731395345
portfolio_excess_return__ppe_investment__decile_10,joint_regime_factor_interactions,10.0,52.53404831998019,9.086231053382053e-08,10.0,648.0,9.540542606051155e-06,regime_stability,True,True,asset,conventional_pre_elb,6,confirmatory,H3,documented_reconstruction,-23.637675531060353,-7.414830269854475,-1.9940517540835216,-9.947817131047405,-9.992135674316021,-2.736890717816765,-1.3334832878644636,-0.9185748943283878,-2.218553026501867,-2.3196332356735274
portfolio_excess_return__ppe_investment__decile_10,joint_rate_beta_regime_interactions,5.0,19.078781523348766,0.0018582573891196856,5.0,648.0,0.09848764162334334,regime_stability,False,True,asset,conventional_pre_elb,6,confirmatory,H3,documented_reconstruction,-23.637675531060353,-7.414830269854475,-1.9940517540835216,-9.947817131047405,-9.992135674316021,-2.736890717816765,-1.3334832878644636,-0.9185748943283878,-2.218553026501867,-2.3196332356735274
equal_weighted_test_assets,joint_regime_factor_interactions,10.0,58.859484907097475,5.953044837806557e-09,10.0,648.0,6.72694066672141e-07,regime_stability,True,True,equal_weighted_aggregate,conventional_pre_elb,6,confirmatory,H3,documented_reconstruction,-2.7091004844102216,0.5873674216785989,1.018906890726651,-0.8021390130866166,1.874799012518305,-1.0320771509462292,1.4492532712796797,5.663554394115618,-1.020276269481957,1.517059520299099
equal_weighted_test_assets,joint_rate_beta_regime_interactions,5.0,37.31295828520956,5.183596173757298e-07,5.0,648.0,5.079924250282152e-05,regime_stability,True,True,equal_weighted_aggregate,conventional_pre_elb,6,confirmatory,H3,documented_reconstruction,-2.7091004844102216,0.5873674216785989,1.018906890726651,-0.8021390130866166,1.874799012518305,-1.0320771509462292,1.4492532712796797,5.663554394115618,-1.020276269481957,1.517059520299099
