month,short_rate_level__fedfunds,short_rate_innovation__fedfunds,regime_primary,regime_sensitivity
1972-01,3.51,-0.6358367219154974,conventional_pre_elb,conventional_pre_elb
1972-02,3.3,-0.22149691039317743,conventional_pre_elb,conventional_pre_elb
1972-03,3.83,0.5166163601142619,conventional_pre_elb,conventional_pre_elb
1972-04,4.17,0.3313781059764387,conventional_pre_elb,conventional_pre_elb
1972-05,4.27,0.09443281086915611,conventional_pre_elb,conventional_pre_elb
1972-06,4.46,0.1853312534846614,conventional_pre_elb,conventional_pre_elb
1972-07,4.55,0.08703829445412037,conventional_pre_elb,conventional_pre_elb
1972-08,4.81,0.25784689280807527,conventional_pre_elb,conventional_pre_elb
1972-09,4.87,0.06018284360838866,conventional_pre_elb,conventional_pre_elb
1972-10,5.05,0.1807219091776915,conventional_pre_elb,conventional_pre_elb
1972-11,5.06,0.01233910588560061,conventional_pre_elb,conventional_pre_elb
1972-12,5.33,0.27242895014715174,conventional_pre_elb,conventional_pre_elb
1973-01,5.94,0.6148547452090156,conventional_pre_elb,conventional_pre_elb
1973-02,6.58,0.6503352451635953,conventional_pre_elb,conventional_pre_elb
1973-03,7.09,0.526085277902828,conventional_pre_elb,conventional_pre_elb
1973-04,7.12,0.050667335241904254,conventional_pre_elb,conventional_pre_elb
1973-05,7.84,0.740936868026556,conventional_pre_elb,conventional_pre_elb
1973-06,8.49,0.6774056548581928,conventional_pre_elb,conventional_pre_elb
1973-07,10.4,1.9432455318589756,conventional_pre_elb,conventional_pre_elb
1973-08,10.5,0.15040578581512243,conventional_pre_elb,conventional_pre_elb
1973-09,10.78,0.3313042284306267,conventional_pre_elb,conventional_pre_elb
1973-10,10.01,-0.7161801322459578,conventional_pre_elb,conventional_pre_elb
1973-11,10.03,0.06690185961465289,conventional_pre_elb,conventional_pre_elb
1973-12,9.95,-0.032918451862245846,conventional_pre_elb,conventional_pre_elb
1974-01,9.65,-0.2536372059546501,conventional_pre_elb,conventional_pre_elb
1974-02,8.97,-0.6363325338011645,conventional_pre_elb,conventional_pre_elb
1974-03,9.35,0.41755805641339805,conventional_pre_elb,conventional_pre_elb
1974-04,10.51,1.20097213835232,conventional_pre_elb,conventional_pre_elb
1974-05,11.31,0.8513940726921785,conventional_pre_elb,conventional_pre_elb
1974-06,11.93,0.6785816136162186,conventional_pre_elb,conventional_pre_elb
1974-07,12.92,1.0541519578323513,conventional_pre_elb,conventional_pre_elb
1974-08,12.01,-0.8369534602741489,conventional_pre_elb,conventional_pre_elb
1974-09,11.34,-0.6051292880752452,conventional_pre_elb,conventional_pre_elb
1974-10,10.06,-1.2211488535991286,conventional_pre_elb,conventional_pre_elb
1974-11,9.45,-0.5626489190775956,conventional_pre_elb,conventional_pre_elb
1974-12,8.53,-0.8781294190321756,conventional_pre_elb,conventional_pre_elb
1975-01,7.13,-1.3663950910948222,conventional_pre_elb,conventional_pre_elb
1975-02,6.24,-0.868973287711893,conventional_pre_elb,conventional_pre_elb
1975-03,5.54,-0.6869694269898892,conventional_pre_elb,conventional_pre_elb
1975-04,5.49,-0.04325852529842411,conventional_pre_elb,conventional_pre_elb
1975-05,5.22,-0.263707746606177,conventional_pre_elb,conventional_pre_elb
1975-06,5.55,0.3338664583319595,conventional_pre_elb,conventional_pre_elb
1975-07,6.1,0.556831318963126,conventional_pre_elb,conventional_pre_elb
1975-08,6.14,0.05177275334840381,conventional_pre_elb,conventional_pre_elb
1975-09,6.24,0.11213213039460701,conventional_pre_elb,conventional_pre_elb
1975-10,5.82,-0.4069694269898889,conventional_pre_elb,conventional_pre_elb
1975-11,5.22,-0.5907428859750103,conventional_pre_elb,conventional_pre_elb
1975-12,5.2,-0.016133541668040152,conventional_pre_elb,conventional_pre_elb
1976-01,4.87,-0.32631323019114156,conventional_pre_elb,conventional_pre_elb
1976-02,4.77,-0.09927809082230876,conventional_pre_elb,conventional_pre_elb
1976-03,4.84,0.06982346656218663,conventional_pre_elb,conventional_pre_elb
1976-04,4.82,-0.019547623606959164,conventional_pre_elb,conventional_pre_elb
1976-05,5.29,0.47027268786993925,conventional_pre_elb,conventional_pre_elb
1976-06,5.48,0.194495368162813,conventional_pre_elb,conventional_pre_elb
1976-07,5.31,-0.16379759086772783,conventional_pre_elb,conventional_pre_elb
1976-08,5.29,-0.015324943314085182,conventional_pre_elb,conventional_pre_elb
1976-09,5.25,-0.03550463183718744,conventional_pre_elb,conventional_pre_elb
1976-10,5.02,-0.22586400888338964,conventional_pre_elb,conventional_pre_elb
1976-11,4.95,-0.06793042689904993,conventional_pre_elb,conventional_pre_elb
1976-12,4.65,-0.2985593367299044,conventional_pre_elb,conventional_pre_elb
1977-01,4.61,-0.04125466457642002,conventional_pre_elb,conventional_pre_elb
1977-02,4.68,0.0683859583773776,conventional_pre_elb,conventional_pre_elb
1977-03,4.69,0.00901486820823294,conventional_pre_elb,conventional_pre_elb
1977-04,4.73,0.039104712469782754,conventional_pre_elb,conventional_pre_elb
1977-05,5.35,0.6194640895159838,conventional_pre_elb,conventional_pre_elb
1977-06,5.39,0.04503443373211624,conventional_pre_elb,conventional_pre_elb
1977-07,5.42,0.03539381077831827,conventional_pre_elb,conventional_pre_elb
1977-08,5.9,0.4856633435629698,conventional_pre_elb,conventional_pre_elb
1977-09,6.14,0.24997586811739314,conventional_pre_elb,conventional_pre_elb
1977-10,6.47,0.34213213039460655,conventional_pre_elb,conventional_pre_elb
1977-11,6.51,0.055096991025773256,conventional_pre_elb,conventional_pre_elb
1977-12,6.56,0.06545636807197486,conventional_pre_elb,conventional_pre_elb
1978-01,6.7,0.15590558937972787,conventional_pre_elb,conventional_pre_elb
1978-02,6.78,0.09716340904143461,conventional_pre_elb,conventional_pre_elb
1978-03,6.79,0.027882163133838844,conventional_pre_elb,conventional_pre_elb
1978-04,6.89,0.11797200739538916,conventional_pre_elb,conventional_pre_elb
1978-05,7.36,0.4888704500108947,conventional_pre_elb,conventional_pre_elb
1978-06,7.6,0.26309313030376735,conventional_pre_elb,conventional_pre_elb
1978-07,7.81,0.23524939258098065,conventional_pre_elb,conventional_pre_elb
1978-08,8.04,0.25713612207354064,conventional_pre_elb,conventional_pre_elb
1978-09,8.45,0.4392025400892017,conventional_pre_elb,conventional_pre_elb
1978-10,8.96,0.5428861548127752,conventional_pre_elb,conventional_pre_elb
1978-11,9.76,0.8374682121518475,conventional_pre_elb,conventional_pre_elb
1978-12,10.03,0.3146557530758898,conventional_pre_elb,conventional_pre_elb
1979-01,10.07,0.08708154813775515,conventional_pre_elb,conventional_pre_elb
1979-02,10.06,0.03744092518395625,conventional_pre_elb,conventional_pre_elb
1979-03,10.09,0.07735108092240495,conventional_pre_elb,conventional_pre_elb
1979-04,10.01,-0.032379386292943124,conventional_pre_elb,conventional_pre_elb
1979-05,10.24,0.27690185961465374,conventional_pre_elb,conventional_pre_elb
1979-06,10.29,0.09896827763031268,conventional_pre_elb,conventional_pre_elb
1979-07,10.47,0.2294174989380693,conventional_pre_elb,conventional_pre_elb
1979-08,10.94,0.5210346956459748,conventional_pre_elb,conventional_pre_elb
1979-09,11.43,0.545257375938851,conventional_pre_elb,conventional_pre_elb
1979-10,13.77,2.3996597447548247,conventional_pre_elb,conventional_pre_elb
1979-11,13.18,-0.5093166980423565,conventional_pre_elb,conventional_pre_elb
1979-12,13.78,0.6753824905261627,conventional_pre_elb,conventional_pre_elb
1980-01,13.82,0.12077314621919477,conventional_pre_elb,conventional_pre_elb
1980-02,14.13,0.39113252326539616,conventional_pre_elb,conventional_pre_elb
1980-03,17.19,3.143917695373462,conventional_pre_elb,conventional_pre_elb
1980-04,17.61,0.5314100394079162,conventional_pre_elb,conventional_pre_elb
1980-05,10.98,-6.514816501606962,conventional_pre_elb,conventional_pre_elb
1980-06,9.47,-1.4543832470149471,conventional_pre_elb,conventional_pre_elb
1980-07,9.03,-0.397949730509076,conventional_pre_elb,conventional_pre_elb
1980-08,9.61,0.6180971219827036,conventional_pre_elb,conventional_pre_elb
1980-09,10.87,1.3033080891526314,conventional_pre_elb,conventional_pre_elb
1980-10,12.81,1.9946284661079972,conventional_pre_elb,conventional_pre_elb
1980-11,15.85,3.1120582528487937,conventional_pre_elb,conventional_pre_elb
1980-12,18.9,3.149370908360149,conventional_pre_elb,conventional_pre_elb
1981-01,19.08,0.3067734081330542,conventional_pre_elb,conventional_pre_elb
1981-02,15.93,-3.021609395159036,conventional_pre_elb,conventional_pre_elb
1981-03,14.7,-1.1299103375474466,conventional_pre_elb,conventional_pre_elb
1981-04,15.72,1.1090388182818423,conventional_pre_elb,conventional_pre_elb
1981-05,18.52,2.8982029329599914,conventional_pre_elb,conventional_pre_elb
1981-06,19.1,0.7033593261941355,conventional_pre_elb,conventional_pre_elb
1981-07,19.04,0.06857029336406129,conventional_pre_elb,conventional_pre_elb
1981-08,17.82,-1.091968772205238,conventional_pre_elb,conventional_pre_elb
1981-09,15.87,-1.8329297721144027,conventional_pre_elb,conventional_pre_elb
1981-10,15.08,-0.6904494031167481,conventional_pre_elb,conventional_pre_elb
1981-11,13.31,-1.6775470997792397,conventional_pre_elb,conventional_pre_elb
1981-12,12.37,-0.8634495340736805,conventional_pre_elb,conventional_pre_elb
1982-01,13.22,0.9181051053405742,conventional_pre_elb,conventional_pre_elb
1982-02,14.78,1.6357418675723636,conventional_pre_elb,conventional_pre_elb
1982-03,14.68,-0.010242427625755113,conventional_pre_elb,conventional_pre_elb
1982-04,14.94,0.3488591297587398,conventional_pre_elb,conventional_pre_elb
1982-05,14.45,-0.39880491944094665,conventional_pre_elb,conventional_pre_elb
1982-06,14.15,-0.21320728825692115,conventional_pre_elb,conventional_pre_elb
1982-07,12.59,-1.475902616103438,conventional_pre_elb,conventional_pre_elb
1982-08,10.12,-2.399918320905316,conventional_pre_elb,conventional_pre_elb
1982-09,10.31,0.2378901464917096,conventional_pre_elb,conventional_pre_elb
1982-10,9.71,-0.5504028125388309,conventional_pre_elb,conventional_pre_elb
1982-11,9.2,-0.4657934682318636,conventional_pre_elb,conventional_pre_elb
1982-12,8.95,-0.21037552557093875,conventional_pre_elb,conventional_pre_elb
1983-01,8.68,-0.23262163210970144,conventional_pre_elb,conventional_pre_elb
1983-02,8.51,-0.13504742717156404,conventional_pre_elb,conventional_pre_elb
1983-03,8.77,0.2934252203820762,conventional_pre_elb,conventional_pre_elb
1983-04,8.8,0.06576117118239111,conventional_pre_elb,conventional_pre_elb
1983-05,8.63,-0.1339692960329586,conventional_pre_elb,conventional_pre_elb
1983-06,8.98,0.3845033515206815,conventional_pre_elb,conventional_pre_elb
1983-07,9.37,0.42764790067495007,conventional_pre_elb,conventional_pre_elb
1983-08,9.56,0.23115182687542202,conventional_pre_elb,conventional_pre_elb
1983-09,9.45,-0.06714113215512185,conventional_pre_elb,conventional_pre_elb
1983-10,9.48,0.0718705809678255,conventional_pre_elb,conventional_pre_elb
1983-11,9.34,-0.09785988624752484,conventional_pre_elb,conventional_pre_elb
1983-12,9.47,0.17088229409077016,conventional_pre_elb,conventional_pre_elb
1984-01,9.56,0.13205026949092513,conventional_pre_elb,conventional_pre_elb
1984-02,9.59,0.07285886784487872,conventional_pre_elb,conventional_pre_elb
1984-03,9.91,0.363128400629531,conventional_pre_elb,conventional_pre_elb
1984-04,10.29,0.426003416999146,conventional_pre_elb,conventional_pre_elb
1984-05,10.32,0.07941749893806893,conventional_pre_elb,conventional_pre_elb
1984-06,11.06,0.7896870317227194,conventional_pre_elb,conventional_pre_elb
1984-07,11.23,0.2263355070774562,conventional_pre_elb,conventional_pre_elb
1984-08,11.64,0.4678628595238141,conventional_pre_elb,conventional_pre_elb
1984-09,11.3,-0.27845352575261373,conventional_pre_elb,conventional_pre_elb
1984-10,9.99,-1.2515082306453316,conventional_pre_elb,conventional_pre_elb
1984-11,9.43,-0.5132778289084481,conventional_pre_elb,conventional_pre_elb
1984-12,8.38,-1.0083091075552755,conventional_pre_elb,conventional_pre_elb
1985-01,8.35,0.0022572449819193707,conventional_pre_elb,conventional_pre_elb
1985-02,8.5,0.1819877121972695,conventional_pre_elb,conventional_pre_elb
1985-03,8.58,0.11333537612052602,conventional_pre_elb,conventional_pre_elb
1985-04,8.27,-0.2759458697870709,conventional_pre_elb,conventional_pre_elb
1985-05,7.97,-0.2687310418951361,conventional_pre_elb,conventional_pre_elb
1985-06,7.53,-0.41142636974165026,conventional_pre_elb,conventional_pre_elb
1985-07,7.88,0.37462048275012627,conventional_pre_elb,conventional_pre_elb
1985-08,7.9,0.04776503190439474,conventional_pre_elb,conventional_pre_elb
1985-09,7.92,0.04794472042749476,conventional_pre_elb,conventional_pre_elb
1985-10,7.99,0.09812440895059726,conventional_pre_elb,conventional_pre_elb
1985-11,8.05,0.08875331878145065,conventional_pre_elb,conventional_pre_elb
1985-12,8.27,0.24929238435075085,conventional_pre_elb,conventional_pre_elb
1986-01,8.14,-0.09873104189513526,conventional_pre_elb,conventional_pre_elb
1986-02,7.86,-0.2498990172952924,conventional_pre_elb,conventional_pre_elb
1986-03,7.48,-0.3524146566187065,conventional_pre_elb,conventional_pre_elb
1986-04,6.99,-0.46582873855762585,conventional_pre_elb,conventional_pre_elb
1986-05,6.85,-0.1202311073736011,conventional_pre_elb,conventional_pre_elb
1986-06,6.92,0.08851107296469252,conventional_pre_elb,conventional_pre_elb
1986-07,6.56,-0.3408600172044549,conventional_pre_elb,conventional_pre_elb
1986-08,6.17,-0.3740944106202724,conventional_pre_elb,conventional_pre_elb
1986-09,5.89,-0.2675983368207424,conventional_pre_elb,conventional_pre_elb
1986-10,5.85,-0.030113976144156673,conventional_pre_elb,conventional_pre_elb
1986-11,6.04,0.19952664680964194,conventional_pre_elb,conventional_pre_elb
1986-12,6.91,0.8812336877791012,conventional_pre_elb,conventional_pre_elb
1987-01,6.43,-0.4609498614660055,conventional_pre_elb,conventional_pre_elb
1987-02,6.1,-0.31526238602042955,conventional_pre_elb,conventional_pre_elb
1987-03,6.13,0.041772753348404024,conventional_pre_elb,conventional_pre_elb
1987-04,6.37,0.25204228613305624,conventional_pre_elb,conventional_pre_elb
1987-05,6.85,0.49419854841026734,conventional_pre_elb,conventional_pre_elb
1987-06,6.73,-0.10148892703530699,conventional_pre_elb,conventional_pre_elb
1987-07,6.58,-0.13256705817391445,conventional_pre_elb,conventional_pre_elb
1987-08,6.73,0.16608527790282857,conventional_pre_elb,conventional_pre_elb
1987-09,7.22,0.5074329418260852,conventional_pre_elb,conventional_pre_elb
1987-10,7.29,0.09183531064206107,conventional_pre_elb,conventional_pre_elb
1987-11,6.69,-0.5775357795270848,conventional_pre_elb,conventional_pre_elb
1987-12,6.77,0.09707356477988327,conventional_pre_elb,conventional_pre_elb
1988-01,6.83,0.07779231887228821,conventional_pre_elb,conventional_pre_elb
1988-02,6.58,-0.23166861555840867,conventional_pre_elb,conventional_pre_elb
1988-03,6.58,0.01608527790282821,conventional_pre_elb,conventional_pre_elb
1988-04,6.87,0.30608527790282825,conventional_pre_elb,conventional_pre_elb
1988-05,7.09,0.2386907614877929,conventional_pre_elb,conventional_pre_elb
1988-06,7.51,0.44066733524190393,conventional_pre_elb,conventional_pre_elb
1988-07,7.75,0.26444079422702593,conventional_pre_elb,conventional_pre_elb
1988-08,8.01,0.2865970565042373,conventional_pre_elb,conventional_pre_elb
1988-09,8.19,0.20893300730455078,conventional_pre_elb,conventional_pre_elb
1988-10,8.3,0.14055020401246132,conventional_pre_elb,conventional_pre_elb
1988-11,8.35,0.08153849088951404,conventional_pre_elb,conventional_pre_elb
1988-12,8.76,0.4419877121972693,conventional_pre_elb,conventional_pre_elb
1989-01,9.12,0.39567132692083895,conventional_pre_elb,conventional_pre_elb
1989-02,9.36,0.27890572033665784,conventional_pre_elb,conventional_pre_elb
1989-03,9.85,0.5310619826138705,conventional_pre_elb,conventional_pre_elb
1989-04,9.84,0.0354643514298445,conventional_pre_elb,conventional_pre_elb
1989-05,9.81,0.015374507168294471,conventional_pre_elb,conventional_pre_elb
1989-06,9.53,-0.23489502561635867,conventional_pre_elb,conventional_pre_elb
1989-07,9.24,-0.24741066493977115,conventional_pre_elb,conventional_pre_elb
1989-08,8.99,-0.21001614852473693,conventional_pre_elb,conventional_pre_elb
1989-09,9.02,0.06773774493650109,conventional_pre_elb,conventional_pre_elb
1989-10,8.84,-0.14199272227884663,conventional_pre_elb,conventional_pre_elb
1989-11,8.55,-0.253609918986756,conventional_pre_elb,conventional_pre_elb
1989-12,8.45,-0.0662154025717232,conventional_pre_elb,conventional_pre_elb
1990-01,8.23,-0.18711384518722518,conventional_pre_elb,conventional_pre_elb
1990-02,8.24,0.040909581058661715,conventional_pre_elb,conventional_pre_elb
1990-03,8.28,0.07099942532021153,conventional_pre_elb,conventional_pre_elb
1990-04,8.26,0.011358802366414622,conventional_pre_elb,conventional_pre_elb
1990-05,8.18,-0.04882088615668678,conventional_pre_elb,conventional_pre_elb
1990-06,8.29,0.1404603597509091,conventional_pre_elb,conventional_pre_elb
1990-07,8.15,-0.10855135337203414,conventional_pre_elb,conventional_pre_elb
1990-08,8.13,0.010190826966258726,conventional_pre_elb,conventional_pre_elb
1990-09,8.2,0.1000111384431559,conventional_pre_elb,conventional_pre_elb
1990-10,8.11,-0.05935995172598929,conventional_pre_elb,conventional_pre_elb
1990-11,7.81,-0.27016855007994334,conventional_pre_elb,conventional_pre_elb
1990-12,7.31,-0.4728638779264589,conventional_pre_elb,conventional_pre_elb
1991-01,6.91,-0.3773560910039837,conventional_pre_elb,conventional_pre_elb
1991-02,6.25,-0.6409498614660052,conventional_pre_elb,conventional_pre_elb
1991-03,6.12,-0.11687958272833843,conventional_pre_elb,conventional_pre_elb
1991-04,5.91,-0.19804755812849528,conventional_pre_elb,conventional_pre_elb
1991-05,5.78,-0.11993428762105562,conventional_pre_elb,conventional_pre_elb
1991-06,5.9,0.1288977369787876,conventional_pre_elb,conventional_pre_elb
1991-07,5.82,-0.07002413188260626,conventional_pre_elb,conventional_pre_elb
1991-08,5.66,-0.15074288597500995,conventional_pre_elb,conventional_pre_elb
1991-09,5.45,-0.20218039415981792,conventional_pre_elb,conventional_pre_elb
1991-10,5.21,-0.23406712365237947,conventional_pre_elb,conventional_pre_elb
1991-11,4.81,-0.3962233859295914,conventional_pre_elb,conventional_pre_elb
1991-12,4.43,-0.37981715639161173,conventional_pre_elb,conventional_pre_elb
1992-01,4.03,-0.4032312383305303,conventional_pre_elb,conventional_pre_elb
1992-02,4.06,0.023174991207447704,conventional_pre_elb,conventional_pre_elb
1992-03,3.98,-0.08655547600789903,conventional_pre_elb,conventional_pre_elb
1992-04,3.73,-0.2572742301003035,conventional_pre_elb,conventional_pre_elb
1992-05,3.82,0.0804796633609337,conventional_pre_elb,conventional_pre_elb
1992-06,3.76,-0.06871173828511168,conventional_pre_elb,conventional_pre_elb
1992-07,3.25,-0.5192508038544146,conventional_pre_elb,conventional_pre_elb
1992-08,3.3,0.036167138806509236,conventional_pre_elb,conventional_pre_elb
1992-09,3.22,-0.09338363988573795,conventional_pre_elb,conventional_pre_elb
1992-10,3.1,-0.1341023939781425,conventional_pre_elb,conventional_pre_elb
1992-11,3.09,-0.02518052511674851,conventional_pre_elb,conventional_pre_elb
1992-12,2.92,-0.18527036937829866,conventional_pre_elb,conventional_pre_elb
1993-01,3.02,0.08320227817534276,conventional_pre_elb,conventional_pre_elb
1993-02,3.03,-0.005899279209152564,conventional_pre_elb,conventional_pre_elb
1993-03,3.07,0.02419056505239814,conventional_pre_elb,conventional_pre_elb
1993-04,2.96,-0.12545005790139951,conventional_pre_elb,conventional_pre_elb
1993-05,3.0,0.02356165522154452,conventional_pre_elb,conventional_pre_elb
1993-06,3.04,0.023921032267746778,conventional_pre_elb,conventional_pre_elb
1993-07,3.06,0.004280409313948574,conventional_pre_elb,conventional_pre_elb
1993-08,3.03,-0.045539902162950785,conventional_pre_elb,conventional_pre_elb
1993-09,3.09,0.044190565052398156,conventional_pre_elb,conventional_pre_elb
1993-10,2.99,-0.11527036937829838,conventional_pre_elb,conventional_pre_elb
1993-11,3.02,0.013831188006196093,conventional_pre_elb,conventional_pre_elb
1993-12,2.96,-0.0758992792091524,conventional_pre_elb,conventional_pre_elb
1994-01,3.05,0.07356165522154434,conventional_pre_elb,conventional_pre_elb
1994-02,3.25,0.1843702535754992,conventional_pre_elb,conventional_pre_elb
1994-03,3.34,0.07616713880650927,conventional_pre_elb,conventional_pre_elb
1994-04,3.56,0.20697573716046413,conventional_pre_elb,conventional_pre_elb
1994-05,4.01,0.438952310914575,conventional_pre_elb,conventional_pre_elb
1994-06,4.25,0.23299530268434765,conventional_pre_elb,conventional_pre_elb
1994-07,4.26,0.005151564961559885,conventional_pre_elb,conventional_pre_elb
1994-08,4.47,0.20524140922311052,conventional_pre_elb,conventional_pre_elb
1994-09,4.73,0.25712813871567164,conventional_pre_elb,conventional_pre_elb
1994-10,4.76,0.029464089515983893,conventional_pre_elb,conventional_pre_elb
1994-11,5.29,0.5297336223006361,conventional_pre_elb,conventional_pre_elb
1994-12,5.45,0.16449536816281274,conventional_pre_elb,conventional_pre_elb
1995-01,5.53,0.08593287634762081,conventional_pre_elb,conventional_pre_elb
1995-02,5.92,0.39665163044002494,conventional_pre_elb,conventional_pre_elb
1995-03,5.98,0.07015555664049522,conventional_pre_elb,conventional_pre_elb
1995-04,6.05,0.08069462220979773,conventional_pre_elb,conventional_pre_elb
1995-05,6.01,-0.02867646795934853,conventional_pre_elb,conventional_pre_elb
1995-06,6.0,0.0009641549944499062,conventional_pre_elb,conventional_pre_elb
1995-07,5.85,-0.13912568926710112,conventional_pre_elb,conventional_pre_elb
1995-08,5.74,-0.10047335319035788,conventional_pre_elb,conventional_pre_elb
1995-09,5.8,0.06853835993258528,conventional_pre_elb,conventional_pre_elb
1995-10,5.76,-0.030922574498110755,conventional_pre_elb,conventional_pre_elb
1995-11,5.8,0.04871804845568661,conventional_pre_elb,conventional_pre_elb
1995-12,5.6,-0.1909225744981109,conventional_pre_elb,conventional_pre_elb
1996-01,5.56,-0.0327194597291216,conventional_pre_elb,conventional_pre_elb
1996-02,5.22,-0.33307883677532324,conventional_pre_elb,conventional_pre_elb
1996-03,5.31,0.09386645833195928,conventional_pre_elb,conventional_pre_elb
1996-04,5.22,-0.08532494331408547,conventional_pre_elb,conventional_pre_elb
1996-05,5.24,0.023866458331959883,conventional_pre_elb,conventional_pre_elb
1996-06,5.27,0.03404614685505969,conventional_pre_elb,conventional_pre_elb
1996-07,5.4,0.13431567963971247,conventional_pre_elb,conventional_pre_elb
1996-08,5.22,-0.17451634496013213,conventional_pre_elb,conventional_pre_elb
1996-09,5.3,0.08386645833195949,conventional_pre_elb,conventional_pre_elb
1996-10,5.24,-0.05541478757563656,conventional_pre_elb,conventional_pre_elb
1996-11,5.31,0.07404614685505972,conventional_pre_elb,conventional_pre_elb
1996-12,5.29,-0.015324943314085182,conventional_pre_elb,conventional_pre_elb
1997-01,5.25,-0.03550463183718744,conventional_pre_elb,conventional_pre_elb
1997-02,5.19,-0.05586400888338883,conventional_pre_elb,conventional_pre_elb
1997-03,5.39,0.20359692554730735,conventional_pre_elb,conventional_pre_elb
1997-04,5.51,0.12539381077831813,conventional_pre_elb,conventional_pre_elb
1997-05,5.5,-0.003528058083075436,conventional_pre_elb,conventional_pre_elb
1997-06,5.56,0.0663820976553735,conventional_pre_elb,conventional_pre_elb
1997-07,5.52,-0.03307883677532342,conventional_pre_elb,conventional_pre_elb
1997-08,5.54,0.026561786178475266,conventional_pre_elb,conventional_pre_elb
1997-09,5.54,0.0067414747015757115,conventional_pre_elb,conventional_pre_elb
1997-10,5.5,-0.033258525298424324,conventional_pre_elb,conventional_pre_elb
1997-11,5.52,0.02638209765537347,conventional_pre_elb,conventional_pre_elb
1997-12,5.5,-0.01343821382152477,conventional_pre_elb,conventional_pre_elb
1998-01,5.56,0.0663820976553735,conventional_pre_elb,conventional_pre_elb
1998-02,5.51,-0.043078836775323204,conventional_pre_elb,conventional_pre_elb
1998-03,5.49,-0.013528058083075223,conventional_pre_elb,conventional_pre_elb
1998-04,5.45,-0.03370774660617659,conventional_pre_elb,conventional_pre_elb
1998-05,5.49,0.04593287634762078,conventional_pre_elb,conventional_pre_elb
1998-06,5.56,0.07629225339382284,conventional_pre_elb,conventional_pre_elb
1998-07,5.54,-0.013078836775322955,conventional_pre_elb,conventional_pre_elb
1998-08,5.55,0.0167414747015755,conventional_pre_elb,conventional_pre_elb
1998-09,5.51,-0.03316868103687387,conventional_pre_elb,conventional_pre_elb
1998-10,5.07,-0.43352805808307515,conventional_pre_elb,conventional_pre_elb
1998-11,4.83,-0.23748120559129848,conventional_pre_elb,conventional_pre_elb
1998-12,4.68,-0.1496374678685104,conventional_pre_elb,conventional_pre_elb
1999-01,4.63,-0.05098513179176756,conventional_pre_elb,conventional_pre_elb
1999-02,4.76,0.128565646900479,conventional_pre_elb,conventional_pre_elb
1999-03,4.81,0.049733622300635716,conventional_pre_elb,conventional_pre_elb
1999-04,4.74,-0.06981715639161123,conventional_pre_elb,conventional_pre_elb
1999-05,4.74,-0.0004460662224650136,conventional_pre_elb,conventional_pre_elb
1999-06,4.76,0.01955393377753456,conventional_pre_elb,conventional_pre_elb
1999-07,4.99,0.22973362230063632,conventional_pre_elb,conventional_pre_elb
1999-08,5.07,0.08180004031629817,conventional_pre_elb,conventional_pre_elb
1999-09,5.22,0.1525187944087012,conventional_pre_elb,conventional_pre_elb
1999-10,5.2,-0.016133541668040152,conventional_pre_elb,conventional_pre_elb
1999-11,5.42,0.22368676980885827,conventional_pre_elb,conventional_pre_elb
1999-12,5.3,-0.11433665643703073,conventional_pre_elb,conventional_pre_elb
2000-01,5.45,0.1545852124243634,conventional_pre_elb,conventional_pre_elb
2000-02,5.73,0.285932876347621,conventional_pre_elb,conventional_pre_elb
2000-03,5.85,0.12844851567103444,conventional_pre_elb,conventional_pre_elb
2000-04,6.02,0.17952664680964148,conventional_pre_elb,conventional_pre_elb
2000-05,6.27,0.26105399925600015,conventional_pre_elb,conventional_pre_elb
2000-06,6.53,0.27330010579476305,conventional_pre_elb,conventional_pre_elb
2000-07,6.54,0.02563605659507573,conventional_pre_elb,conventional_pre_elb
2000-08,6.5,-0.02427409914337364,conventional_pre_elb,conventional_pre_elb
2000-09,6.52,0.035366523810424155,conventional_pre_elb,conventional_pre_elb
2000-10,6.51,0.005546212333525702,conventional_pre_elb,conventional_pre_elb
2000-11,6.51,0.015456368071975035,conventional_pre_elb,conventional_pre_elb
2000-12,6.4,-0.0945436319280244,conventional_pre_elb,conventional_pre_elb
2001-01,5.98,-0.40553191880508077,conventional_pre_elb,conventional_pre_elb
2001-02,5.49,-0.4793053777902019,conventional_pre_elb,conventional_pre_elb
2001-03,5.31,-0.17370774660617716,conventional_pre_elb,conventional_pre_elb
2001-04,4.8,-0.5053249433140854,conventional_pre_elb,conventional_pre_elb
2001-05,4.21,-0.5899070006531622,conventional_pre_elb,conventional_pre_elb
2001-06,3.97,-0.24520781208464149,conventional_pre_elb,conventional_pre_elb
2001-07,3.77,-0.2073640743618541,conventional_pre_elb,conventional_pre_elb
2001-08,3.65,-0.12916095959286444,conventional_pre_elb,conventional_pre_elb
2001-09,3.07,-0.5902390907314703,conventional_pre_elb,conventional_pre_elb
2001-10,2.49,-0.5954500579013993,conventional_pre_elb,conventional_pre_elb
2001-11,2.09,-0.4206610250713294,conventional_pre_elb,conventional_pre_elb
2001-12,1.82,-0.2942547955333492,conventional_pre_elb,conventional_pre_elb
2002-01,1.73,-0.1166805905952133,conventional_pre_elb,conventional_pre_elb
2002-02,1.74,-0.017489188949167955,conventional_pre_elb,conventional_pre_elb
2002-03,1.73,-0.0373993446876173,conventional_pre_elb,conventional_pre_elb
2002-04,1.75,-0.007489188949167946,conventional_pre_elb,conventional_pre_elb
2002-05,1.75,-0.027309500426066835,conventional_pre_elb,conventional_pre_elb
2002-06,1.75,-0.027309500426066835,conventional_pre_elb,conventional_pre_elb
2002-07,1.73,-0.04730950042606685,conventional_pre_elb,conventional_pre_elb
2002-08,1.74,-0.017489188949167955,conventional_pre_elb,conventional_pre_elb
2002-09,1.75,-0.01739934468761728,conventional_pre_elb,conventional_pre_elb
2002-10,1.75,-0.027309500426066835,conventional_pre_elb,conventional_pre_elb
2002-11,1.34,-0.43730950042606676,conventional_pre_elb,conventional_pre_elb
2002-12,1.24,-0.13099311514963774,conventional_pre_elb,conventional_pre_elb
2003-01,1.24,-0.03189155776514285,conventional_pre_elb,conventional_pre_elb
2003-02,1.26,-0.011891557765142835,conventional_pre_elb,conventional_pre_elb
2003-03,1.25,-0.04171186924204173,conventional_pre_elb,conventional_pre_elb
2003-04,1.26,-0.02180171350359217,conventional_pre_elb,conventional_pre_elb
2003-05,1.26,-0.031711869242041724,conventional_pre_elb,conventional_pre_elb
2003-06,1.22,-0.07171186924204176,conventional_pre_elb,conventional_pre_elb
2003-07,1.01,-0.24207124628824372,conventional_pre_elb,conventional_pre_elb
2003-08,1.03,-0.013957975780804377,conventional_pre_elb,conventional_pre_elb
2003-09,1.01,-0.053778287257703505,conventional_pre_elb,conventional_pre_elb
2003-10,1.01,-0.033957975780804395,conventional_pre_elb,conventional_pre_elb
2003-11,1.0,-0.043957975780804404,conventional_pre_elb,conventional_pre_elb
2003-12,0.98,-0.05404782004235509,conventional_pre_elb,conventional_pre_elb
2004-01,1.0,-0.01422750856545596,conventional_pre_elb,conventional_pre_elb
2004-02,1.01,-0.02404782004235506,conventional_pre_elb,conventional_pre_elb
2004-03,1.0,-0.043957975780804404,conventional_pre_elb,conventional_pre_elb
2004-04,1.0,-0.03404782004235507,conventional_pre_elb,conventional_pre_elb
2004-05,1.0,-0.03404782004235507,conventional_pre_elb,conventional_pre_elb
2004-06,1.03,-0.004047820042355044,conventional_pre_elb,conventional_pre_elb
2004-07,1.26,0.1962217127422965,conventional_pre_elb,conventional_pre_elb
2004-08,1.43,0.1382881307579582,conventional_pre_elb,conventional_pre_elb
2004-09,1.61,0.14981548320431703,conventional_pre_elb,conventional_pre_elb
2004-10,1.76,0.12143267991222584,conventional_pre_elb,conventional_pre_elb
2004-11,1.93,0.14278034383548355,conventional_pre_elb,conventional_pre_elb
2004-12,2.16,0.20430769628184242,conventional_pre_elb,conventional_pre_elb
2005-01,2.28,0.09637411429750342,conventional_pre_elb,conventional_pre_elb
2005-02,2.5,0.19745224543611029,conventional_pre_elb,conventional_pre_elb
2005-03,2.63,0.1094288191902213,conventional_pre_elb,conventional_pre_elb
2005-04,2.79,0.14059679459037788,conventional_pre_elb,conventional_pre_elb
2005-05,3.0,0.19203430277518585,conventional_pre_elb,conventional_pre_elb
2005-06,3.04,0.023921032267746778,conventional_pre_elb,conventional_pre_elb
2005-07,3.26,0.2042804093139483,conventional_pre_elb,conventional_pre_elb
2005-08,3.5,0.22625698306806008,conventional_pre_elb,conventional_pre_elb
2005-09,3.62,0.10841324534527219,conventional_pre_elb,conventional_pre_elb
2005-10,3.78,0.14949137648387767,conventional_pre_elb,conventional_pre_elb
2005-11,4.0,0.2109288846686863,conventional_pre_elb,conventional_pre_elb
2005-12,4.16,0.15290545842279712,conventional_pre_elb,conventional_pre_elb
2006-01,4.29,0.12434296660760502,conventional_pre_elb,conventional_pre_elb
2006-02,4.49,0.1955109420077621,conventional_pre_elb,conventional_pre_elb
2006-03,4.59,0.0973078272387724,conventional_pre_elb,conventional_pre_elb
2006-04,4.79,0.19820626985427747,conventional_pre_elb,conventional_pre_elb
2006-05,4.94,0.1500031550852876,conventional_pre_elb,conventional_pre_elb
2006-06,4.99,0.05135081900854477,conventional_pre_elb,conventional_pre_elb
2006-07,5.24,0.2518000403162981,conventional_pre_elb,conventional_pre_elb
2006-08,5.25,0.014046146855060115,conventional_pre_elb,conventional_pre_elb
2006-09,5.25,0.004135991116610782,conventional_pre_elb,conventional_pre_elb
2006-10,5.25,0.004135991116610782,conventional_pre_elb,conventional_pre_elb
2006-11,5.25,0.004135991116610782,conventional_pre_elb,conventional_pre_elb
2006-12,5.24,-0.005864008883389005,conventional_pre_elb,conventional_pre_elb
2007-01,5.25,0.014046146855060115,conventional_pre_elb,conventional_pre_elb
2007-02,5.26,0.014135991116610569,conventional_pre_elb,conventional_pre_elb
2007-03,5.26,0.004225835378161236,conventional_pre_elb,conventional_pre_elb
2007-04,5.25,-0.005774164621838551,conventional_pre_elb,conventional_pre_elb
2007-05,5.25,0.004135991116610782,conventional_pre_elb,conventional_pre_elb
2007-06,5.25,0.004135991116610782,conventional_pre_elb,conventional_pre_elb
2007-07,5.26,0.014135991116610569,conventional_pre_elb,conventional_pre_elb
2007-08,5.02,-0.23577416462183898,conventional_pre_elb,conventional_pre_elb
2007-09,4.94,-0.07793042689904972,conventional_pre_elb,conventional_pre_elb
2007-10,4.76,-0.17864918099145566,conventional_pre_elb,conventional_pre_elb
2007-11,4.49,-0.2702663776993637,conventional_pre_elb,conventional_pre_elb
2007-12,4.24,-0.25269217276122724,conventional_pre_elb,conventional_pre_elb
2008-01,3.94,-0.3049382792999906,conventional_pre_elb,conventional_pre_elb
2008-02,2.98,-0.9676336071465057,conventional_pre_elb,conventional_pre_elb
2008-03,2.61,-0.38625865625535427,conventional_pre_elb,conventional_pre_elb
2008-04,2.28,-0.34958289393272324,conventional_pre_elb,conventional_pre_elb
2008-05,1.98,-0.32254775456388973,conventional_pre_elb,conventional_pre_elb
2008-06,2.0,-0.005243082410405275,conventional_pre_elb,conventional_pre_elb
2008-07,2.01,-0.0150633938873046,conventional_pre_elb,conventional_pre_elb
2008-08,2.0,-0.03497354962575372,conventional_pre_elb,conventional_pre_elb
2008-09,1.81,-0.21506339388730433,conventional_pre_elb,conventional_pre_elb
2008-10,0.97,-0.866770434856764,conventional_pre_elb,conventional_pre_elb
2008-11,0.39,-0.6143173528270064,conventional_pre_elb,conventional_pre_elb
2008-12,0.16,-0.26952831999693605,conventional_pre_elb,elb_qe
2009-01,0.15,-0.05159473801259776,elb_qe,elb_qe
2009-02,0.22,0.02831541772585175,elb_qe,elb_qe
2009-03,0.18,-0.0810556724432947,elb_qe,elb_qe
2009-04,0.15,-0.07141504948949673,elb_qe,elb_qe
2009-05,0.18,-0.011684582274148259,elb_qe,elb_qe
2009-06,0.21,-0.011415049489496731,elb_qe,elb_qe
2009-07,0.16,-0.09114551670484519,elb_qe,elb_qe
2009-08,0.16,-0.04159473801259775,elb_qe,elb_qe
2009-09,0.15,-0.05159473801259776,elb_qe,elb_qe
2009-10,0.12,-0.07168458227414826,elb_qe,elb_qe
2009-11,0.12,-0.04195411505879976,elb_qe,elb_qe
2009-12,0.12,-0.04195411505879976,elb_qe,elb_qe
2010-01,0.11,-0.05195411505879975,elb_qe,elb_qe
2010-02,0.13,-0.022043959320350276,elb_qe,elb_qe
2010-03,0.16,-0.011864270797249277,elb_qe,elb_qe
2010-04,0.2,-0.0015947380125977406,elb_qe,elb_qe
2010-05,0.2,-0.04123536096639571,elb_qe,elb_qe
2010-06,0.18,-0.06123536096639573,elb_qe,elb_qe
2010-07,0.18,-0.04141504948949673,elb_qe,elb_qe
2010-08,0.19,-0.03141504948949672,elb_qe,elb_qe
2010-09,0.19,-0.04132520522794622,elb_qe,elb_qe
2010-10,0.19,-0.04132520522794622,elb_qe,elb_qe
2010-11,0.19,-0.04132520522794622,elb_qe,elb_qe
2010-12,0.18,-0.05132520522794623,elb_qe,elb_qe
2011-01,0.17,-0.05141504948949671,elb_qe,elb_qe
2011-02,0.16,-0.05150489375104725,elb_qe,elb_qe
2011-03,0.14,-0.06159473801259774,elb_qe,elb_qe
2011-04,0.1,-0.08177442653569877,elb_qe,elb_qe
2011-05,0.09,-0.052133803581900784,elb_qe,elb_qe
2011-06,0.09,-0.042223647843451284,elb_qe,elb_qe
2011-07,0.07,-0.062223647843451274,elb_qe,elb_qe
2011-08,0.1,-0.012403336366552303,elb_qe,elb_qe
2011-09,0.08,-0.06213380358190078,elb_qe,elb_qe
2011-10,0.07,-0.0523134921050018,elb_qe,elb_qe
2011-11,0.08,-0.03240333636655231,elb_qe,elb_qe
2011-12,0.07,-0.0523134921050018,elb_qe,elb_qe
2012-01,0.08,-0.03240333636655231,elb_qe,elb_qe
2012-02,0.1,-0.022313492105001803,elb_qe,elb_qe
2012-03,0.13,-0.012133803581900776,elb_qe,elb_qe
2012-04,0.14,-0.03186427079724927,elb_qe,elb_qe
2012-05,0.16,-0.021774426535698777,elb_qe,elb_qe
2012-06,0.16,-0.04159473801259775,elb_qe,elb_qe
2012-07,0.16,-0.04159473801259775,elb_qe,elb_qe
2012-08,0.13,-0.07159473801259775,elb_qe,elb_qe
2012-09,0.14,-0.03186427079724927,elb_qe,elb_qe
2012-10,0.16,-0.021774426535698777,elb_qe,elb_qe
2012-11,0.16,-0.04159473801259775,elb_qe,elb_qe
2012-12,0.16,-0.04159473801259775,elb_qe,elb_qe
2013-01,0.14,-0.06159473801259774,elb_qe,elb_qe
2013-02,0.15,-0.031774426535698785,elb_qe,elb_qe
2013-03,0.14,-0.05168458227414824,elb_qe,elb_qe
2013-04,0.15,-0.031774426535698785,elb_qe,elb_qe
2013-05,0.11,-0.08168458227414825,elb_qe,elb_qe
2013-06,0.09,-0.062043959320350284,elb_qe,elb_qe
2013-07,0.09,-0.042223647843451284,elb_qe,elb_qe
2013-08,0.08,-0.05222364784345128,elb_qe,elb_qe
2013-09,0.08,-0.04231349210500181,elb_qe,elb_qe
2013-10,0.09,-0.03231349210500181,elb_qe,elb_qe
2013-11,0.08,-0.05222364784345128,elb_qe,elb_qe
2013-12,0.09,-0.03231349210500181,elb_qe,elb_qe
2014-01,0.07,-0.062223647843451274,elb_qe,elb_qe
2014-02,0.07,-0.0424033363665523,elb_qe,elb_qe
2014-03,0.08,-0.03240333636655231,elb_qe,elb_qe
2014-04,0.09,-0.03231349210500181,elb_qe,elb_qe
2014-05,0.09,-0.042223647843451284,elb_qe,elb_qe
2014-06,0.1,-0.032223647843451275,elb_qe,elb_qe
2014-07,0.09,-0.052133803581900784,elb_qe,elb_qe
2014-08,0.09,-0.042223647843451284,elb_qe,elb_qe
2014-09,0.09,-0.042223647843451284,elb_qe,elb_qe
2014-10,0.09,-0.042223647843451284,elb_qe,elb_qe
2014-11,0.09,-0.042223647843451284,elb_qe,elb_qe
2014-12,0.12,-0.012223647843451285,elb_qe,elb_qe
2015-01,0.11,-0.05195411505879975,elb_qe,elb_qe
2015-02,0.11,-0.04204395932035028,elb_qe,elb_qe
2015-03,0.11,-0.04204395932035028,elb_qe,elb_qe
2015-04,0.12,-0.032043959320350285,elb_qe,elb_qe
2015-05,0.12,-0.04195411505879976,elb_qe,elb_qe
2015-06,0.13,-0.03195411505879975,elb_qe,elb_qe
2015-07,0.13,-0.041864270797249276,elb_qe,elb_qe
2015-08,0.14,-0.03186427079724927,elb_qe,elb_qe
2015-09,0.14,-0.041774426535698767,elb_qe,elb_qe
2015-10,0.12,-0.061774426535698784,elb_qe,elb_qe
2015-11,0.12,-0.04195411505879976,elb_qe,elb_qe
2015-12,0.24,0.07804588494120024,elb_qe,normalisation
2016-01,0.34,0.059124016079806385,normalisation,normalisation
2016-02,0.38,2.2458695311367016e-05,normalisation,normalisation
2016-03,0.36,-0.059618164258486595,normalisation,normalisation
2016-04,0.37,-0.029797852781587586,normalisation,normalisation
2016-05,0.37,-0.039708008520037086,normalisation,normalisation
2016-06,0.38,-0.029708008520037077,normalisation,normalisation
2016-07,0.39,-0.029618164258486568,normalisation,normalisation
2016-08,0.4,-0.02952831999693606,normalisation,normalisation
2016-09,0.4,-0.03943847573538556,normalisation,normalisation
2016-10,0.4,-0.03943847573538556,normalisation,normalisation
2016-11,0.41,-0.029438475735385605,normalisation,normalisation
2016-12,0.54,0.09065136852616501,normalisation,normalisation
2017-01,0.65,0.0718193439263215,normalisation,normalisation
2017-02,0.66,-0.027192369196622823,normalisation,normalisation
2017-03,0.79,0.09289747506492763,normalisation,normalisation
2017-04,0.9,0.07406545046508428,normalisation,normalisation
2017-05,0.91,-0.024946262657860152,normalisation,normalisation
2017-06,1.04,0.09514358160369041,normalisation,normalisation
2017-07,1.15,0.07631155700384684,normalisation,normalisation
2017-08,1.16,-0.02270015611909737,normalisation,normalisation
2017-09,1.15,-0.042610311857546934,normalisation,normalisation
2017-10,1.15,-0.03270015611909738,normalisation,normalisation
2017-11,1.16,-0.02270015611909737,normalisation,normalisation
2017-12,1.3,0.1073896881424532,normalisation,normalisation
2018-01,1.41,0.07864750780416019,normalisation,normalisation
2018-02,1.42,-0.020364205318784023,normalisation,normalisation
2018-03,1.51,0.0597256389427665,normalisation,normalisation
2018-04,1.69,0.15053423729672089,normalisation,normalisation
2018-05,1.7,-0.01784856599536999,normalisation,normalisation
2018-06,1.82,0.09224127826618078,normalisation,normalisation
2018-07,1.91,0.06331940940478664,normalisation,normalisation
2018-08,1.91,-0.02587199224125869,normalisation,normalisation
2018-09,1.95,0.014128007758741346,normalisation,normalisation
2018-10,2.19,0.21448738480494334,normalisation,normalisation
2018-11,2.2,-0.013356352917844205,normalisation,normalisation
2018-12,2.27,0.04673349134370586,normalisation,normalisation
2019-01,2.4,0.10736240117455953,normalisation,normalisation
2019-02,2.4,-0.021469623425284023,normalisation,normalisation
2019-03,2.41,-0.011469623425283793,normalisation,normalisation
2019-04,2.42,-0.011379779163733339,normalisation,normalisation
2019-05,2.39,-0.05128993490218248,normalisation,normalisation
2019-06,2.38,-0.03155946768683471,normalisation,normalisation
2019-07,2.4,-0.0016493119483849128,normalisation,normalisation
2019-08,2.13,-0.29146962342528404,normalisation,normalisation
2019-09,2.04,-0.11389541848714746,normalisation,normalisation
2019-10,1.83,-0.2347040168411021,normalisation,normalisation
2019-11,1.55,-0.3065907463336628,normalisation,normalisation
2019-12,1.55,-0.029106385657077016,normalisation,normalisation
2020-01,1.55,-0.029106385657077016,normalisation,normalisation
2020-02,1.58,0.0008936143429230103,normalisation,normalisation
2020-03,0.65,-0.9588368528724255,normalisation,pandemic_elb_qe
2020-04,0.05,-0.6371923691966228,pandemic_elb_qe,pandemic_elb_qe
2020-05,0.05,-0.04258302488965332,pandemic_elb_qe,pandemic_elb_qe
2020-06,0.08,-0.012583024889653321,pandemic_elb_qe,pandemic_elb_qe
2020-07,0.09,-0.03231349210500181,pandemic_elb_qe,pandemic_elb_qe
2020-08,0.1,-0.032223647843451275,pandemic_elb_qe,pandemic_elb_qe
2020-09,0.09,-0.052133803581900784,pandemic_elb_qe,pandemic_elb_qe
2020-10,0.09,-0.042223647843451284,pandemic_elb_qe,pandemic_elb_qe
2020-11,0.09,-0.042223647843451284,pandemic_elb_qe,pandemic_elb_qe
2020-12,0.09,-0.042223647843451284,pandemic_elb_qe,pandemic_elb_qe
2021-01,0.09,-0.042223647843451284,pandemic_elb_qe,pandemic_elb_qe
2021-02,0.08,-0.05222364784345128,pandemic_elb_qe,pandemic_elb_qe
2021-03,0.07,-0.0523134921050018,pandemic_elb_qe,pandemic_elb_qe
2021-04,0.07,-0.0424033363665523,pandemic_elb_qe,pandemic_elb_qe
2021-05,0.06,-0.05240333636655231,pandemic_elb_qe,pandemic_elb_qe
2021-06,0.08,-0.022493180628102807,pandemic_elb_qe,pandemic_elb_qe
2021-07,0.1,-0.022313492105001803,pandemic_elb_qe,pandemic_elb_qe
2021-08,0.09,-0.052133803581900784,pandemic_elb_qe,pandemic_elb_qe
2021-09,0.08,-0.05222364784345128,pandemic_elb_qe,pandemic_elb_qe
2021-10,0.08,-0.04231349210500181,pandemic_elb_qe,pandemic_elb_qe
2021-11,0.08,-0.04231349210500181,pandemic_elb_qe,pandemic_elb_qe
2021-12,0.08,-0.04231349210500181,pandemic_elb_qe,pandemic_elb_qe
2022-01,0.08,-0.04231349210500181,pandemic_elb_qe,pandemic_elb_qe
2022-02,0.08,-0.04231349210500181,pandemic_elb_qe,pandemic_elb_qe
2022-03,0.2,0.0776865078949982,pandemic_elb_qe,inflation_tightening
2022-04,0.33,0.08876463903360429,inflation_tightening,inflation_tightening
2022-05,0.77,0.3999326144337609,inflation_tightening,inflation_tightening
2022-06,1.21,0.4038857619419832,inflation_tightening,inflation_tightening
2022-07,1.68,0.43783890945020576,inflation_tightening,inflation_tightening
2022-08,2.33,0.6220615897430797,inflation_tightening,inflation_tightening
2022-09,2.56,0.20790146674386278,inflation_tightening,inflation_tightening
2022-10,3.08,0.49996788475952414,inflation_tightening,inflation_tightening
2022-11,3.78,0.6846397863601505,inflation_tightening,inflation_tightening
2022-12,4.1,0.31092888466868596,inflation_tightening,inflation_tightening
2023-01,4.33,0.22380390103830283,inflation_tightening,inflation_tightening
2023-02,4.57,0.23587031905396483,inflation_tightening,inflation_tightening
2023-03,4.65,0.07802658133117646,inflation_tightening,inflation_tightening
2023-04,4.83,0.17874533542357973,inflation_tightening,inflation_tightening
2023-05,5.06,0.2303625321314895,inflation_tightening,inflation_tightening
2023-06,5.08,0.02242895014715174,inflation_tightening,inflation_tightening
2023-07,5.12,0.04260863867025222,inflation_tightening,inflation_tightening
2023-08,5.33,0.21296801571645396,inflation_tightening,inflation_tightening
2023-09,5.33,0.004854745209015299,inflation_tightening,inflation_tightening
2023-10,5.33,0.004854745209015299,inflation_tightening,inflation_tightening
2023-11,5.33,0.004854745209015299,inflation_tightening,inflation_tightening
2023-12,5.33,0.004854745209015299,inflation_tightening,inflation_tightening
2024-01,5.33,0.004854745209015299,inflation_tightening,inflation_tightening
2024-02,5.33,0.004854745209015299,inflation_tightening,inflation_tightening
2024-03,5.33,0.004854745209015299,inflation_tightening,inflation_tightening
2024-04,5.33,0.004854745209015299,inflation_tightening,inflation_tightening
2024-05,5.33,0.004854745209015299,inflation_tightening,inflation_tightening
2024-06,5.33,0.004854745209015299,inflation_tightening,inflation_tightening
2024-07,5.33,0.004854745209015299,inflation_tightening,inflation_tightening
2024-08,5.33,0.004854745209015299,inflation_tightening,inflation_tightening
2024-09,5.13,-0.19514525479098488,inflation_tightening,post_tightening_easing
2024-10,4.83,-0.29694214002199537,post_tightening_easing,post_tightening_easing
2024-11,4.64,-0.18963746786851043,post_tightening_easing,post_tightening_easing
2024-12,4.48,-0.1613445088379697,post_tightening_easing,post_tightening_easing
2025-01,4.33,-0.15278201702277894,post_tightening_easing,post_tightening_easing
2025-02,4.33,-0.004129680946035386,post_tightening_easing,post_tightening_easing
2025-03,4.33,-0.004129680946035386,post_tightening_easing,post_tightening_easing
2025-04,4.33,-0.004129680946035386,post_tightening_easing,post_tightening_easing
2025-05,4.33,-0.004129680946035386,post_tightening_easing,post_tightening_easing
2025-06,4.33,-0.004129680946035386,post_tightening_easing,post_tightening_easing
2025-07,4.33,-0.004129680946035386,post_tightening_easing,post_tightening_easing
2025-08,4.33,-0.004129680946035386,post_tightening_easing,post_tightening_easing
2025-09,4.22,-0.1141296809460357,post_tightening_easing,post_tightening_easing
2025-10,4.09,-0.13511796782309116,post_tightening_easing,post_tightening_easing
2025-11,3.88,-0.216285943223248,post_tightening_easing,post_tightening_easing
2025-12,3.72,-0.16817267271580816,post_tightening_easing,post_tightening_easing
