portfolio_set,model,n_assets,n_months,n_factors,article_cross_sectional_fit,chi_square_statistic,chi_square_degrees_of_freedom,chi_square_asymptotic_p_value,root_mean_squared_pricing_error,mean_absolute_pricing_error,max_absolute_pricing_error,shanken_multiplier,pseudo_inverse_rcond,beta_matrix_rank,lambda_RM,shanken_t_RM,shanken_se_RM,article_constrained_fit,constrained_fit_applicable,mean_pricing_error,replication_status,lambda_FFR_innovation,shanken_t_FFR_innovation,shanken_se_FFR_innovation,lambda_TB_innovation,shanken_t_TB_innovation,shanken_se_TB_innovation,lambda_SMB,shanken_t_SMB,shanken_se_SMB,lambda_HML,shanken_t_HML,shanken_se_HML,lambda_UMD,shanken_t_UMD,shanken_se_UMD,lambda_RMW,shanken_t_RMW,shanken_se_RMW,lambda_CMA,shanken_t_CMA,shanken_se_CMA,lambda_ME,shanken_t_ME,shanken_se_ME,lambda_IA,shanken_t_IA,shanken_se_IA,lambda_ROE,shanken_t_ROE,shanken_se_ROE,lambda_LIQ,shanken_t_LIQ,shanken_se_LIQ
book_to_market,capm,10,504,1,-0.4100087320740413,15.493891034626857,9,0.07823269281859184,0.19303947299757745,0.15384472256642928,0.3751120745407226,1.022993340018501,1e-15,1,0.6990855418524418,3.3164313722606567,0.21079451476057764,-0.2915163947465349,True,0.010071628874143701,documented_reconstruction,,,,,,,,,,,,,,,,,,,,,,,,,,,,,,,,,
earnings_to_price,capm,10,504,1,-0.8809251508377092,22.77006595508473,9,0.0067338954189244135,0.21308575478494513,0.18318785212054756,0.4117799886098136,1.0212258698166892,1e-15,1,0.6716794135251678,3.1981902181571846,0.2100185941761129,-0.6529795102561766,True,0.02114504101035215,documented_reconstruction,,,,,,,,,,,,,,,,,,,,,,,,,,,,,,,,,
equity_duration,capm,10,504,1,-0.7881447830569539,22.941444959900338,9,0.006329171323911133,0.22868175280747352,0.17933652758769333,0.5150019028969601,1.022136012580144,1e-15,1,0.6859287180806282,3.2761754654617983,0.2093687365990765,-0.5701260116819022,True,0.021990240761909773,documented_reconstruction,,,,,,,,,,,,,,,,,,,,,,,,,,,,,,,,,
long_term_reversal,capm,10,504,1,-0.2346886515725619,13.008485960703922,9,0.16222265732548438,0.15432660179219987,0.12626357454878606,0.32508724222380503,1.0233866449959883,1e-15,1,0.7050391786423272,3.3556620628649054,0.21010434466705452,-0.08651793525984286,True,0.009834774588669137,documented_reconstruction,,,,,,,,,,,,,,,,,,,,,,,,,,,,,,,,,
investment_to_assets,capm,10,504,1,-1.129524132793212,20.8142252237407,9,0.013501322239937618,0.17771561227421606,0.13873340066184028,0.42142480691359824,1.0172275711057608,1e-15,1,0.6051197324184684,2.924306713054391,0.20692758721824722,-0.9324825546686069,True,0.019464510590230005,documented_reconstruction,,,,,,,,,,,,,,,,,,,,,,,,,,,,,,,,,
ppe_investment,capm,10,504,1,-0.4058215325731309,28.15503970169849,9,0.0008985929905979691,0.16361858182926511,0.12924631811759618,0.3203969140482708,1.0155380454852263,1e-15,1,0.5746818534735204,2.778457139476563,0.20683488159971594,-0.36020308038570725,True,0.009193569748386598,documented_reconstruction,,,,,,,,,,,,,,,,,,,,,,,,,,,,,,,,,
inventory_growth,capm,10,504,1,-0.5542761790164572,16.58227418282072,9,0.05567378538266312,0.13198473239289427,0.10974598496181517,0.28773507848645796,1.017121900122619,1e-15,1,0.6032610271688084,2.9116153996682628,0.20719117890279787,-0.4506719839402622,True,0.008168809755962635,documented_reconstruction,,,,,,,,,,,,,,,,,,,,,,,,,,,,,,,,,
all_seven_families_joint,capm,70,504,1,-0.6125179630398105,99.57356416612015,69,0.00939911140430763,0.1893271831372064,0.14657462860752926,0.4752463427397641,1.0197360233617185,1e-15,1,0.6476779544193649,3.120059853070002,0.2075851057094556,-0.46229822421619415,True,0.015011209310093438,documented_reconstruction,,,,,,,,,,,,,,,,,,,,,,,,,,,,,,,,,
book_to_market,market_plus_fedfunds_innovation,10,504,2,0.7065967164420085,3.683158427566778,8,0.8845193978274536,0.0879719753761659,0.07761534470259558,0.1623368365687916,2.6877147848248106,1e-15,2,0.6042011361324355,2.844960740214923,0.21237591352026566,,False,0.002450411881433373,documented_reconstruction,-0.7601301178391229,-2.0792065523707293,0.3655866306175382,,,,,,,,,,,,,,,,,,,,,,,,,,,,,,
earnings_to_price,market_plus_fedfunds_innovation,10,504,2,0.4937262614446596,7.345788494285972,8,0.49982513850803323,0.11004284510397055,0.09819730013637298,0.16814651794244362,2.5482379919896547,1e-15,2,0.5945909704846362,2.7867122327883145,0.21336647662744254,,False,0.0028851282787590695,documented_reconstruction,-0.7281132288180231,-2.1741196009777948,0.33490026422215197,,,,,,,,,,,,,,,,,,,,,,,,,,,,,,
equity_duration,market_plus_fedfunds_innovation,10,504,2,0.6814964925157461,4.9274674809320995,8,0.7652996539143821,0.09615065036348026,0.08397553949094923,0.15163789856385623,2.7692115498332295,1e-15,2,0.613078116122681,2.8924369709351496,0.2119590235788155,,False,0.004032228566505114,documented_reconstruction,-0.7782407946162454,-2.5228811787632575,0.30847302725439774,,,,,,,,,,,,,,,,,,,,,,,,,,,,,,
long_term_reversal,market_plus_fedfunds_innovation,10,504,2,0.4863865409781156,5.742971369780804,8,0.6759974916175358,0.09933720731140804,0.09126109304722575,0.18424039364283218,1.9280029115025545,1e-15,2,0.6384767175957473,3.00552805531003,0.21243412333740014,,False,0.0008349885866609452,documented_reconstruction,-0.564000762452668,-1.9648439772350585,0.28704608049659674,,,,,,,,,,,,,,,,,,,,,,,,,,,,,,
investment_to_assets,market_plus_fedfunds_innovation,10,504,2,0.6894547903963295,3.0927287602422497,8,0.9284041407793211,0.06749160270185918,0.05789453287865447,0.11303536818817733,2.8470197302067826,1e-15,2,0.5737205443993562,2.7340975258212934,0.209839092783282,,False,0.0021655306913169027,documented_reconstruction,-0.7948946378842634,-2.2520173149279166,0.3529700382919599,,,,,,,,,,,,,,,,,,,,,,,,,,,,,,
ppe_investment,market_plus_fedfunds_innovation,10,504,2,0.5607287089233997,5.05340804850354,8,0.7518528548229455,0.09133616822163683,0.07590602431764865,0.1579145086263133,2.9343683159664433,1e-15,2,0.5675976289970601,2.7069443082973237,0.20968204896467957,,False,0.001915349097153679,documented_reconstruction,-0.8133571965247125,-2.4428835225500602,0.3329496429185747,,,,,,,,,,,,,,,,,,,,,,,,,,,,,,
inventory_growth,market_plus_fedfunds_innovation,10,504,2,0.19325767117945947,7.241055178426615,8,0.5108621515703886,0.09490749026876125,0.07071967507969049,0.1901953612942704,1.4781470181244614,1e-15,2,0.609077944873821,2.92781878199635,0.20803129914294685,,False,0.0005339829808951091,documented_reconstruction,-0.4042326183811038,-2.033881304257436,0.19874936533166468,,,,,,,,,,,,,,,,,,,,,,,,,,,,,,
all_seven_families_joint,market_plus_fedfunds_innovation,70,504,2,0.543937122181295,35.65472819015542,68,0.9995806681940079,0.10039313928051781,0.08164090447481438,0.23883148510927288,2.424230294404758,1e-15,2,0.6012277352967575,2.8704741592621783,0.20945241167100284,,False,0.00215818123108365,documented_reconstruction,-0.6984645567038997,-2.859541110096134,0.2442575678446596,,,,,,,,,,,,,,,,,,,,,,,,,,,,,,
book_to_market,market_plus_tbill_innovation,10,504,2,0.7588600282723224,3.653541585332329,8,0.8869521944208288,0.07972319604863445,0.057984931741581015,0.16337088516506992,2.250776389546534,1e-15,2,0.6152014091059532,2.9173688240289897,0.210875431326622,,False,0.00044555850952435194,documented_reconstruction,,,,-0.54292081162799,-2.2865602420109696,0.23743997715560095,,,,,,,,,,,,,,,,,,,,,,,,,,,
earnings_to_price,market_plus_tbill_innovation,10,504,2,0.27504785308779944,11.26425279055606,8,0.1871711012773287,0.1316673715063717,0.10552571234269192,0.2713408559209578,1.6901333784293484,1e-15,2,0.6306360775703714,2.985798449247821,0.2112118712263517,,False,0.0028770290973298305,documented_reconstruction,,,,-0.4031826348090154,-2.6419089898500725,0.15261034212684815,,,,,,,,,,,,,,,,,,,,,,,,,,,
equity_duration,market_plus_tbill_innovation,10,504,2,0.6908043155088104,5.227296544253728,8,0.7330290827120012,0.09465873429822619,0.07523919035051836,0.18702927716932538,2.370669154969658,1e-15,2,0.6284841239693874,2.9713225587884486,0.21151662653066203,,False,0.001132652036815518,documented_reconstruction,,,,-0.5683153273070349,-2.7941362339718663,0.20339571148940522,,,,,,,,,,,,,,,,,,,,,,,,,,,
long_term_reversal,market_plus_tbill_innovation,10,504,2,0.4932284246961224,6.7231610096852625,8,0.5667746858797338,0.09870725095598586,0.08464132972108933,0.1713594784688821,1.5673700765140475,1e-15,2,0.6785969073758266,3.2049645602097687,0.21173304560079492,,False,-0.002716493853544022,documented_reconstruction,,,,-0.3650638366844026,-2.2058206662396396,0.16550023411773684,,,,,,,,,,,,,,,,,,,,,,,,,,,
investment_to_assets,market_plus_tbill_innovation,10,504,2,0.5752013482669578,4.439834854647229,8,0.8154218284445547,0.07890995118098451,0.06794122740914715,0.1411882830018365,2.289014142305005,1e-15,2,0.5990980322410315,2.8685520528123107,0.2088503263009223,,False,0.0014815089426616801,documented_reconstruction,,,,-0.5511039266827742,-2.5411462156419033,0.21687218283248735,,,,,,,,,,,,,,,,,,,,,,,,,,,
ppe_investment,market_plus_tbill_innovation,10,504,2,0.3995255436953954,6.560663747577636,8,0.5846869264802899,0.10679459861415329,0.09448862330442345,0.1790801676310505,3.217212296842371,1e-15,2,0.5801638516760612,2.763613657680248,0.20992943426218463,,False,0.0025222033993057115,documented_reconstruction,,,,-0.7219733744949922,-2.107405006322532,0.342588810565109,,,,,,,,,,,,,,,,,,,,,,,,,,,
inventory_growth,market_plus_tbill_innovation,10,504,2,0.1513301128093677,7.238882812683595,8,0.5110921540592064,0.09734438630001711,0.07545007047205962,0.21075403796902126,1.480257587504852,1e-15,2,0.6083266419663007,2.9242976335954345,0.20802487235827666,,False,0.0008176915288801156,documented_reconstruction,,,,-0.3359693945625067,-1.9134951117562196,0.17557891446827453,,,,,,,,,,,,,,,,,,,,,,,,,,,
all_seven_families_joint,market_plus_tbill_innovation,70,504,2,0.4678998299377156,46.766287913550784,68,0.9770240421217103,0.10841781595842355,0.08581559393747268,0.2781165481913268,1.9850372152578228,1e-15,2,0.6199769314921554,2.966814351694131,0.20897058528051538,,False,0.0008277065666098648,documented_reconstruction,,,,-0.4818787997008484,-3.024846169990047,0.15930687797668533,,,,,,,,,,,,,,,,,,,,,,,,,,,
book_to_market,fama_french_3,10,504,3,0.9333953083870201,4.172939835586958,7,0.7596566343380429,0.04189863001457479,0.033547955231723506,0.08306839625500395,1.0575894817690463,1e-15,3,0.5876321748299665,2.820968315827217,0.20830867597236735,0.9018491148666087,True,0.00018198047211637758,documented_reconstruction,,,,,,,0.5344702019965415,0.9428869971157336,0.5668443871126356,0.23569479214229122,1.0180655521473565,0.23151239293496534,,,,,,,,,,,,,,,,,,,,,
earnings_to_price,fama_french_3,10,504,3,0.8017231501659835,10.78717819498128,7,0.14817537618621832,0.0688595842988785,0.05552169412672038,0.12571519306792278,1.062912465337753,1e-15,3,0.6054757292675852,2.9007335648814614,0.20873193477606689,0.7930516356984002,True,0.0015397311844860373,documented_reconstruction,,,,,,,-0.06571552949468895,-0.14037392981264246,0.4681462546670858,0.4917168229767165,2.703689938228747,0.18186879198834913,,,,,,,,,,,,,,,,,,,,,
equity_duration,fama_french_3,10,504,3,0.8021943616811703,9.295359962485538,7,0.2321402529674047,0.0757497497740623,0.06645024980052304,0.14920671398004792,1.081231392795376,1e-15,3,0.5988410644928033,2.8813947158736046,0.20783027788375802,0.7503797203677247,True,0.0025642613014422665,documented_reconstruction,,,,,,,-0.2561670870421834,-0.7426104373055085,0.3449548702434905,0.5704327897586303,3.1529500353704942,0.1809203391615435,,,,,,,,,,,,,,,,,,,,,
long_term_reversal,fama_french_3,10,504,3,0.8115476440380982,6.572304896311303,7,0.47472521464556483,0.060170108076092875,0.044534212532169756,0.12050646196336368,1.0637703092687247,1e-15,3,0.6496860208012846,3.1072656418757023,0.20908608908284435,0.7261738717569981,True,0.0001633429124067165,documented_reconstruction,,,,,,,-0.008845826643571475,-0.03946755624006441,0.22412906919714165,0.47534809346164575,2.1282875303099433,0.22334768525962306,,,,,,,,,,,,,,,,,,,,,
investment_to_assets,fama_french_3,10,504,3,0.721411331809354,6.322645486339113,7,0.5026208247977642,0.06389616378737879,0.04752297733660326,0.12438168620816226,1.07033727633818,1e-15,3,0.6204761350182408,2.998552957783164,0.20692518816708177,0.559928150347134,True,0.0007435419715218161,documented_reconstruction,,,,,,,-0.1291571842423363,-0.5267918548026155,0.24517688165609625,0.5225780397655124,2.6802221046416186,0.19497564730195674,,,,,,,,,,,,,,,,,,,,,
ppe_investment,fama_french_3,10,504,3,0.4553587443197823,14.903509753624467,7,0.0372563521501166,0.10168324958434638,0.07702004740589466,0.2036852318325525,1.1340125556757825,1e-15,3,0.6247844039858369,3.017735849105303,0.2070374728692946,0.17895229791237066,True,0.0007953002345689631,documented_reconstruction,,,,,,,-0.45239562889928764,-1.462057439407942,0.30942397795430293,0.7658568802367264,2.8136668712702293,0.2721917395611871,,,,,,,,,,,,,,,,,,,,,
inventory_growth,fama_french_3,10,504,3,0.5525039099844584,7.4532770820678325,7,0.38325632511188445,0.07068490064617712,0.06177759755710659,0.11203122447258129,1.1157164641164115,1e-15,3,0.6204213141108105,2.989672453910171,0.20752150065782823,0.44240676687658576,True,0.00036646062466030307,documented_reconstruction,,,,,,,0.3307668127555553,1.0427160604217074,0.3172165705607169,0.7047179415267009,2.4024057600627193,0.2933384331830369,,,,,,,,,,,,,,,,,,,,,
all_seven_families_joint,fama_french_3,70,504,3,0.7115750180385234,82.31460775763098,67,0.09845467031129645,0.0798284986495755,0.06296777583480356,0.24093256777187283,1.0621412090128872,1e-15,3,0.6117235913476131,2.9527391191677403,0.20717156736827927,0.6755401693026868,True,0.0012139988988856044,documented_reconstruction,,,,,,,-0.03678613840685879,-0.1961556105955564,0.18753548927390265,0.4853818948769862,3.145352822569205,0.15431715367324475,,,,,,,,,,,,,,,,,,,,,
book_to_market,carhart_4,10,504,4,0.9337504023599354,4.158641729098428,6,0.655217626690364,0.04178679233970096,0.03306931417223177,0.07849060256738771,1.0602725671331978,1e-15,4,0.5877744968055731,2.820333571777494,0.20840602072297879,0.8924472670674567,True,0.00018150558766672487,documented_reconstruction,,,,,,,0.5451673244466431,1.009174683237353,0.5402110590981031,0.232835726348611,1.0300753768808941,0.2260375614973402,-0.012044347838301661,-0.007234274462052062,1.6649005925170803,,,,,,,,,,,,,,,,,,
earnings_to_price,carhart_4,10,504,4,0.9286027221110761,2.191820633564552,6,0.9012385102628205,0.04132508117699594,0.036016713818268334,0.07579200838957578,1.3900416481642366,1e-15,4,0.6287054312835506,2.994041569828688,0.20998553848386403,0.889935220622953,True,0.0010970872064500036,documented_reconstruction,,,,,,,0.4127411162604264,0.7414289854898266,0.5566832755907811,0.33140176605385746,1.6125914088081075,0.20550882526330827,2.2388520023402427,1.907546305827014,1.1736816010710638,,,,,,,,,,,,,,,,,,
equity_duration,carhart_4,10,504,4,0.9171172951031553,4.457764392877397,6,0.614979772157221,0.049011815374022195,0.03945322375596088,0.09802250521405353,1.2424647027236975,1e-15,4,0.5998847233132517,2.8812942869576608,0.20819974066122415,0.8523828417971873,True,0.0007866211430178794,documented_reconstruction,,,,,,,-0.20818696068816084,-0.5743699394002095,0.362461449332745,0.49419155038263557,2.664919854148141,0.18544330690222843,1.507943703770386,1.9263613886102213,0.782793775189969,,,,,,,,,,,,,,,,,,
long_term_reversal,carhart_4,10,504,4,0.9060949283444621,2.106841176437492,6,0.9096147077518933,0.04247415204148881,0.036563049014458705,0.0828646935880808,1.5208567860375561,1e-15,4,0.5813781529393209,2.7112550713431727,0.21443137500571002,0.8412426314364105,True,-0.00012186023991416217,documented_reconstruction,,,,,,,0.7330729644021114,1.2807042095062209,0.572398340663493,0.2433904225236112,0.8443317613494583,0.288263966446804,2.6500080338699465,1.3332567988147324,1.987620116564047,,,,,,,,,,,,,,,,,,
investment_to_assets,carhart_4,10,504,4,0.7219706109281068,6.316254199602981,6,0.38871118311267683,0.06383190636854785,0.04786491174901546,0.12206902854574714,1.0701314552476862,1e-15,4,0.6197101970361149,2.993381776875464,0.20702678215772982,0.5893674425128906,True,0.000735193728230904,documented_reconstruction,,,,,,,-0.11820046072615387,-0.4530325144297861,0.260909442393838,0.5213629275416434,2.663236785530703,0.195762889118307,-0.22455912664211258,-0.3184688008945737,0.705121274081887,,,,,,,,,,,,,,,,,,
ppe_investment,carhart_4,10,504,4,0.642985691225946,7.824187447408444,6,0.25126887757436855,0.08232348970741177,0.07420260232594005,0.13321470442277739,1.358081887265103,1e-15,4,0.6247131849507863,3.0125903926740296,0.2073674491128811,0.3453300923207515,True,5.459893024347684e-05,documented_reconstruction,,,,,,,-0.4260587475658588,-1.2775418028532213,0.3334988699503318,0.5600988948533878,1.8194633677064138,0.30783741228021505,1.8846845059416997,1.9751534270545992,0.9541965095603692,,,,,,,,,,,,,,,,,,
inventory_growth,carhart_4,10,504,4,0.6883490304883223,6.246922502961439,6,0.39610586798674335,0.05898761238212378,0.04840527627814576,0.09288110099215663,1.119132355267325,1e-15,4,0.6114648247026566,2.9466180343554833,0.2075141119661283,0.6736101269062782,True,-7.842847538982455e-05,documented_reconstruction,,,,,,,0.1745121417248194,0.5641973755870183,0.3093104457340811,0.4747455740048879,1.5821432628706913,0.30006484567237884,0.7306577682439954,0.9638235946149012,0.7580824668812264,,,,,,,,,,,,,,,,,,
all_seven_families_joint,carhart_4,70,504,4,0.7651204110741773,66.81897242724617,66,0.4486797296722345,0.07203633617555032,0.05597560263307881,0.24270350392650902,1.109916551605536,1e-15,4,0.6074747506204244,2.9314750585044416,0.2072249425619679,0.7662024503618116,True,0.0009488576794202342,documented_reconstruction,,,,,,,0.10348763246145143,0.551814099368177,0.1875407543590205,0.440793670920103,2.863431600106683,0.1539389559379314,0.725009986781496,1.8970335119441246,0.38218090625003703,,,,,,,,,,,,,,,,,,
book_to_market,fama_french_5,10,504,5,0.9698166352500348,1.497448477395075,5,0.913364071641054,0.0282051638413204,0.024431486312504337,0.04172721298035209,1.1497553621785899,1e-15,5,0.6052374228139041,2.869567465921095,0.2109159063174807,0.8399055350725573,True,7.3769274024027e-05,documented_reconstruction,,,,,,,0.5972610500869253,1.025568754838375,0.5823705600128691,0.09490098294900295,0.36911490480346926,0.25710417464591906,,,,-0.7394182678433739,-1.4982778377646808,0.4935121171828391,0.3240953184225618,1.0323579319187328,0.3139369674045131,,,,,,,,,,,,
earnings_to_price,fama_french_5,10,504,5,0.9687702658313502,1.0076345565995142,5,0.9619476459107508,0.02732152468984151,0.019136483262223586,0.058930868402500725,1.6989746300305806,1e-15,5,0.5103191880549824,2.222181785332663,0.22964781343421334,0.7427104477961527,True,-5.8486363664883576e-05,documented_reconstruction,,,,,,,1.9568304336910838,1.965621015850098,0.995527834669995,0.13922168361978893,0.4893641708119281,0.28449504872577697,,,,-0.2285666587585063,-0.5400753381082756,0.42321254578871864,0.7385071257748678,2.4421837155040564,0.3023962206800822,,,,,,,,,,,,
equity_duration,fama_french_5,10,504,5,0.9605303432673374,2.0163503312725055,5,0.8468780620048131,0.03381799847919375,0.024869596755140427,0.07834697602238205,1.4366190667040437,1e-15,5,0.43435496960616177,1.9554792500732159,0.22212200389745834,0.9068754977692809,True,-0.00013256938149918684,documented_reconstruction,,,,,,,1.0695524413329873,1.5592307984217366,0.6859487655166863,0.17417803615976724,0.6685888342738221,0.2605159213419233,,,,0.6355596947047182,1.3190020131708504,0.4818489193787107,0.38050959550176133,1.2484486853122239,0.30478593151515865,,,,,,,,,,,,
long_term_reversal,fama_french_5,10,504,5,0.8321578609854583,4.527535485223234,5,0.47620775958040973,0.05678532038119301,0.043260097643317105,0.10991394357718987,1.3922461442459482,1e-15,5,0.5348421728610576,2.005725746361899,0.26665767931193246,0.6766047731812257,True,0.0003263418883541425,documented_reconstruction,,,,,,,0.3908671762865603,0.6108908641227797,0.6398314318349374,0.7446063309994616,1.4952889117591361,0.4979682020937798,,,,0.7515528121461168,0.7117735356748641,1.0558875463577557,-0.19345280511703755,-0.39647821096061364,0.4879279611566227,,,,,,,,,,,,
investment_to_assets,fama_french_5,10,504,5,0.7745796651350526,5.274365021686498,5,0.3833219027842759,0.0574725167780086,0.05006467603986241,0.09804469595288823,1.1576039634560258,1e-15,5,0.669591479405147,3.0837173020412703,0.21713776388059636,-0.05372690342250319,True,1.5589868076737455e-05,documented_reconstruction,,,,,,,-0.24335988449568652,-0.8658958549275575,0.28104983192932187,0.7496256768547068,1.3053951448488383,0.5742519265624446,,,,-0.32191844124003666,-1.0334033572878307,0.3115128656877139,0.14284424848884175,1.169996386274325,0.12208947836472168,,,,,,,,,,,,
ppe_investment,fama_french_5,10,504,5,0.6795301236969132,10.363099762325016,5,0.06557691059010909,0.07800023054817358,0.06586892970463862,0.11784869366393891,1.1407851665026743,1e-15,5,0.6179382143988863,2.8652858659005145,0.215663721987711,-0.12913677237996368,True,-0.0007745779781854311,documented_reconstruction,,,,,,,-0.1073634212840816,-0.3242072258934792,0.33115678093910433,0.47896075156962303,0.6628429319354721,0.7225855907840472,,,,-0.5503215833243857,-1.756143635104868,0.31336934651790216,0.3430241067076185,2.360770518679588,0.14530175804613008,,,,,,,,,,,,
inventory_growth,fama_french_5,10,504,5,0.796896834194457,4.532158960088992,5,0.47559224435389846,0.047619469894475026,0.03795275741395288,0.0804733289763433,1.0904354933797387,1e-15,5,0.5770937202233124,2.7070940862905015,0.21317830183512276,-0.056024642265597224,True,1.343242573596526e-05,documented_reconstruction,,,,,,,-0.0629245050131159,-0.1822172974131876,0.3453267384952548,0.013990415232944753,0.030302100917450947,0.46169786283325615,,,,-0.21378459037144737,-0.8427246569620955,0.25368260985991664,0.3032841838022591,2.0591855915605497,0.14728355960009207,,,,,,,,,,,,
all_seven_families_joint,fama_french_5,70,504,5,0.7485492175724127,78.13614706008234,65,0.12711682844420966,0.0745322646873511,0.059474521290177086,0.17431344100563312,1.0652374712026418,1e-15,5,0.6120539897505164,2.954184104233217,0.20718207401951347,0.5486139479617749,True,0.0008236948501456223,documented_reconstruction,,,,,,,-0.04464115923565329,-0.23840265884569048,0.1872510963250117,0.4505745823596309,2.8912129232790775,0.15584275330666772,,,,-0.13010278917751,-0.9001187030472003,0.14453959098624317,0.24274864190859657,2.3090560895957903,0.10512894987799569,,,,,,,,,,,,
book_to_market,q_factor,10,504,4,0.9524727390902068,3.0269112346778506,6,0.8054616866639249,0.03539308444210769,0.027690938669990388,0.07565049476312802,1.0648307220494018,1e-15,4,0.5911773626126582,2.8429361206806267,0.20794605911550504,0.5616230889109998,True,-0.00014617416852180098,documented_reconstruction,,,,,,,,,,,,,,,,,,,,,,0.45388389595208056,0.8534429784221006,0.5318268559561529,0.14426316509714188,0.6367801066371083,0.22655099239674484,-0.46501433152434557,-1.2819969937823028,0.3627265381897691,,,
earnings_to_price,q_factor,10,504,4,0.878590675348949,6.224879738249206,6,0.3984763443537121,0.05387178991493507,0.044003376257785345,0.09945149672028386,1.1440787798216612,1e-15,4,0.5958527918318828,2.8146026379239153,0.2117005021608986,0.41576493356984523,True,0.00045646961180110244,documented_reconstruction,,,,,,,,,,,,,,,,,,,,,,0.7153019282735475,0.982983052244415,0.7276849042720733,0.4128018115737223,2.500207815278723,0.16510699992660538,-0.18779499475392525,-0.558425791711641,0.3362935550994366,,,
equity_duration,q_factor,10,504,4,0.949620924268382,2.597465799744622,6,0.8574041891609151,0.03820656941304436,0.031159812918731412,0.08582399705364074,1.3552326226456266,1e-15,4,0.5189767767179537,2.4530127738631213,0.21156709098609558,0.7541647612321856,True,1.9659262237059493e-05,documented_reconstruction,,,,,,,,,,,,,,,,,,,,,,1.1018471594280095,1.5880174319158635,0.6938507961456607,0.4565841375918816,2.4541782861969135,0.1860435894816026,0.5776845690861837,1.2282815924549444,0.47031932468480286,,,
long_term_reversal,q_factor,10,504,4,0.8042435938759638,6.249115585662232,6,0.3958705367282972,0.06132487290184998,0.0456625896159748,0.13146714640860957,1.1155880856834073,1e-15,4,0.6880069811020494,2.9395849279111763,0.23404902323775914,0.34339578918787683,True,6.70373454850992e-05,documented_reconstruction,,,,,,,,,,,,,,,,,,,,,,-0.24232944418129776,-0.28081555918600987,0.8629487799170729,0.2709090954712053,1.7671004345685484,0.15330712967503168,-0.46709235030970486,-0.5323914094053892,0.8773476469715867,,,
investment_to_assets,q_factor,10,504,4,0.7493240164977037,5.304070136120002,6,0.5054462779888507,0.06060924308129138,0.04402982754149397,0.1236663796634197,1.1179028265748567,1e-15,4,0.6187922497729528,2.9808216958286105,0.20759116542894746,-0.15743062976026012,True,0.0005645694220689446,documented_reconstruction,,,,,,,,,,,,,,,,,,,,,,-0.47888717788389173,-1.2449191979131262,0.3846733014372791,0.19516764139486897,1.9452685799592293,0.10032940613216478,-0.41989311730898926,-1.00793649972765,0.41658687568358393,,,
ppe_investment,q_factor,10,504,4,0.6730609280304022,10.608440648205509,6,0.10125849250593094,0.07878278547882919,0.0693071207371078,0.135478310916733,1.1579194533037698,1e-15,4,0.6012590475219655,2.9061249637003095,0.20689373479535259,-0.20239677022622415,True,-0.0006981643336400334,documented_reconstruction,,,,,,,,,,,,,,,,,,,,,,-0.21172756881960542,-0.7269638074625174,0.29124911948318993,0.37156136441944115,2.862992871416805,0.1297807508111493,-0.6215281837252488,-1.293762481806464,0.48040362312672485,,,
inventory_growth,q_factor,10,504,4,0.7114477125976795,5.956993052549862,6,0.4280249824615995,0.05675949320527923,0.04946754468689297,0.08338154821224597,1.0691305089489367,1e-15,4,0.6016885168969114,2.887770790860781,0.20835743570824097,-0.2716262399862812,True,-2.8725958157199694e-05,documented_reconstruction,,,,,,,,,,,,,,,,,,,,,,0.27386848048484,0.6997165721694086,0.39139916271489084,0.2923451993672439,2.2379429488487284,0.1306312118088783,-0.18126338536353817,-0.4342200989346426,0.4174458662974543,,,
all_seven_families_joint,q_factor,70,504,4,0.6867979266675955,81.45491169522637,66,0.09517403549552485,0.08319697978388264,0.06643039676612772,0.21639086092703158,1.0763190017036608,1e-15,4,0.6079724641094094,2.9385240076885073,0.20689722545015068,0.34919904063215634,True,0.0018200619997307686,documented_reconstruction,,,,,,,,,,,,,,,,,,,,,,0.08431529508186487,0.43794278451246266,0.19252582315228325,0.32718326473548115,3.008994532332835,0.1087350811773726,-0.19586372642928615,-1.0938956742719017,0.17905155951883006,,,
book_to_market,liquidity,10,504,4,0.9410693564668939,3.416559827231966,6,0.7550359143530249,0.03941140652536331,0.03198448411992143,0.09025620513640908,1.0737571727103068,1e-15,4,0.6068027699899129,2.9017493474976717,0.20911619072584275,0.8390656876176344,True,0.00023961803038624052,documented_reconstruction,,,,,,,0.17840516437560627,0.2654828522055252,0.6720025903499515,0.3840918607383551,1.3232316554666717,0.2902680412394572,,,,,,,,,,,,,,,,,,,-0.49476302300346076,-0.5480854807571429,0.9027114207075494
earnings_to_price,liquidity,10,504,4,0.8109813777703927,10.040512654691042,6,0.12295627873673884,0.06723069090334312,0.053555009615394576,0.11642214830326203,1.1078919851715763,1e-15,4,0.6245176282431938,2.965878140709342,0.21056752793418188,0.7364146810561533,True,0.0014096455867192714,documented_reconstruction,,,,,,,0.32009684851626674,0.46940411954772304,0.6819216857847012,0.49914617773291514,2.7058094276154523,0.184472037327772,,,,,,,,,,,,,,,,,,,-0.5764467996042049,-0.5719374810157807,1.0078842858495922
equity_duration,liquidity,10,504,4,0.8349678615508801,5.366865644675432,6,0.49769153170648384,0.06920032469750001,0.05505933838385864,0.13027791538412392,1.3814879810426386,1e-15,4,0.5743465878471155,2.734989762215343,0.20999953849256622,0.7590741162615591,True,0.0026178316787518418,documented_reconstruction,,,,,,,-0.5239593932789663,-1.3491673300145215,0.3883576051855086,0.40177445556042635,1.6750400411219128,0.23985961272383957,,,,,,,,,,,,,,,,,,,1.9345165531822675,1.2813503797504742,1.509748296604859
long_term_reversal,liquidity,10,504,4,0.8153676956767308,6.102106275417383,6,0.4118498996402255,0.059557124446148274,0.04373178005197226,0.11852392865188677,1.0903863314826578,1e-15,4,0.6288874002538147,2.909799467988221,0.21612740230811,0.7307136444606097,True,0.00015496794835482275,documented_reconstruction,,,,,,,-0.015838020770482047,-0.06988427553262191,0.22663210929458477,0.5122018806260248,2.1221534579147168,0.24135949203660687,,,,,,,,,,,,,,,,,,,0.5655919306409652,0.35863836798171156,1.5770536036730098
investment_to_assets,liquidity,10,504,4,0.782950565476823,5.009713285704647,6,0.5425679175390996,0.056398478728794485,0.04086256315247826,0.13257887444067068,1.2268472912108148,1e-15,4,0.6402344763318396,3.08130857516479,0.20778005860630155,0.551204702026805,True,0.0005978949133654598,documented_reconstruction,,,,,,,-0.362098906016301,-1.105725107248467,0.3274764257794265,0.47286651784500966,2.3015585410291286,0.20545491649044484,,,,,,,,,,,,,,,,,,,-1.2956359091632388,-1.1057716136792413,1.1717029928560572
ppe_investment,liquidity,10,504,4,0.7277538267948938,3.101692676923274,6,0.7959794004360484,0.07189087259293418,0.058563558711242455,0.12249160974647422,2.820494055131144,1e-15,4,0.577051488850731,2.7379788871962827,0.21075819523270226,0.14497995244831963,True,-0.000534371200431083,documented_reconstruction,,,,,,,-0.8673077301392316,-1.6384075428402627,0.5293601911986499,1.6810757965190377,2.6538272908939113,0.6334533533087553,,,,,,,,,,,,,,,,,,,4.1424291912624,1.8902498148355464,2.1914718143341254
inventory_growth,liquidity,10,504,4,0.5531518896839072,7.3972555311757455,6,0.2856654130258983,0.07063389520483855,0.0616242176863363,0.1154945790269144,1.1158213191491537,1e-15,4,0.6184342330247531,2.967618608428538,0.2083941080798912,0.4252005995234356,True,0.0004010655013461539,documented_reconstruction,,,,,,,0.3244467216316055,1.0043108725964403,0.32305407666534053,0.7051925604747087,2.4039370262382986,0.2933490157095338,,,,,,,,,,,,,,,,,,,0.1434156798344266,0.15577361152071345,0.920667361014201
all_seven_families_joint,liquidity,70,504,4,0.7134550579225271,81.76541958579004,66,0.09126277304135567,0.07956739420016662,0.062305981383638964,0.2353788321217552,1.0652411281743686,1e-15,4,0.615213840326896,2.9677884181651715,0.20729706894241826,0.6502169030712184,True,0.001176283592017899,documented_reconstruction,,,,,,,-0.03477640689930023,-0.185412688480732,0.18756217378787524,0.49159807581433723,3.1550552118890867,0.1558128282389053,,,,,,,,,,,,,,,,,,,-0.1106753417346027,-0.24899588874201475,0.44448662302723274
