series_id,replication_mode,timing_variant,statistic,published_value,reconstructed_value,difference,absolute_difference,published_rounding_tolerance,within_published_rounding,within_relative_t_ratio_band
FEDFUNDS,documented_reconstruction,within_window_lag,intercept,0.0,0.04828941379617662,0.04828941379617662,0.04828941379617662,0.0005,False,
FEDFUNDS,documented_reconstruction,within_window_lag,slope,0.991,0.9903932966511308,-0.000606703348869142,0.000606703348869142,0.0005,False,
FEDFUNDS,documented_reconstruction,within_window_lag,t_intercept,0.99,1.036592429005658,0.046592429005658076,0.046592429005658076,0.005,False,True
FEDFUNDS,documented_reconstruction,within_window_lag,t_slope,147.26,147.25219241637546,-0.00780758362452616,0.00780758362452616,0.005,False,True
FEDFUNDS,documented_reconstruction,within_window_lag,r_squared,0.98,0.9774163677094758,-0.0025836322905241627,0.0025836322905241627,0.005,True,
FEDFUNDS,documented_reconstruction,within_window_lag,mean,0.0,2.7828413309093387e-15,2.7828413309093387e-15,2.7828413309093387e-15,0.005,True,
FEDFUNDS,documented_reconstruction,within_window_lag,standard_deviation,0.59,0.5853777128300244,-0.004622287169975592,0.004622287169975592,0.005,True,
FEDFUNDS,documented_reconstruction,within_window_lag,minimum,-6.51,-6.5091153678225915,0.0008846321774083066,0.0008846321774083066,0.005,True,
FEDFUNDS,documented_reconstruction,within_window_lag,maximum,3.15,3.153976834283398,0.003976834283398123,0.003976834283398123,0.005,True,
FEDFUNDS,documented_reconstruction,within_window_lag,autocorrelation_1,0.4,0.4028868023128576,0.002886802312857595,0.002886802312857595,0.005,True,
FEDFUNDS,documented_reconstruction,pre_window_lag,intercept,0.0,0.04625557239964492,0.04625557239964492,0.04625557239964492,0.0005,False,
FEDFUNDS,documented_reconstruction,pre_window_lag,slope,0.991,0.9905271145667272,-0.0004728854332728405,0.0004728854332728405,0.0005,True,
FEDFUNDS,documented_reconstruction,pre_window_lag,t_intercept,0.99,0.9935505147448555,0.0035505147448554597,0.0035505147448554597,0.005,True,True
FEDFUNDS,documented_reconstruction,pre_window_lag,t_slope,147.26,147.26961353547966,0.009613535479672919,0.009613535479672919,0.005,False,True
FEDFUNDS,documented_reconstruction,pre_window_lag,r_squared,0.98,0.9773775426145449,-0.0026224573854550792,0.0026224573854550792,0.005,True,
FEDFUNDS,documented_reconstruction,pre_window_lag,mean,0.0,1.002020336193435e-14,1.002020336193435e-14,1.002020336193435e-14,0.005,True,
FEDFUNDS,documented_reconstruction,pre_window_lag,standard_deviation,0.59,0.5854865394056574,-0.004513460594342544,0.004513460594342544,0.005,True,
FEDFUNDS,documented_reconstruction,pre_window_lag,minimum,-6.51,-6.5094380599197095,0.000561940080290313,0.000561940080290313,0.005,True,
FEDFUNDS,documented_reconstruction,pre_window_lag,maximum,3.15,3.153889661717729,0.003889661717729087,0.003889661717729087,0.005,True,
FEDFUNDS,documented_reconstruction,pre_window_lag,autocorrelation_1,0.4,0.40310521596868576,0.0031052159686857372,0.0031052159686857372,0.005,True,
TB3MS,documented_reconstruction,within_window_lag,intercept,0.0,0.03729839606179626,0.03729839606179626,0.03729839606179626,0.0005,False,
TB3MS,documented_reconstruction,within_window_lag,slope,0.992,0.9914929259419814,-0.0005070740580186417,0.0005070740580186417,0.0005,False,
TB3MS,documented_reconstruction,within_window_lag,t_intercept,0.89,0.9375902036034844,0.04759020360348443,0.04759020360348443,0.005,False,False
TB3MS,documented_reconstruction,within_window_lag,t_slope,153.18,153.25024494958157,0.07024494958156424,0.07024494958156424,0.005,False,True
TB3MS,documented_reconstruction,within_window_lag,r_squared,0.98,0.979113371001271,-0.0008866289987289333,0.0008866289987289333,0.005,True,
TB3MS,documented_reconstruction,within_window_lag,mean,0.0,4.5627296948412e-15,4.5627296948412e-15,4.5627296948412e-15,0.005,True,
TB3MS,documented_reconstruction,within_window_lag,standard_deviation,0.49,0.4851879692710217,-0.004812030728978289,0.004812030728978289,0.005,True,
TB3MS,documented_reconstruction,within_window_lag,minimum,-4.54,-4.545005018495949,-0.005005018495949365,0.005005018495949365,0.005,False,
TB3MS,documented_reconstruction,within_window_lag,maximum,2.69,2.6891634477924793,-0.0008365522075206577,0.0008365522075206577,0.005,True,
TB3MS,documented_reconstruction,within_window_lag,autocorrelation_1,0.33,0.329003936902392,-0.0009960630976080243,0.0009960630976080243,0.005,True,
TB3MS,documented_reconstruction,pre_window_lag,intercept,0.0,0.035378550882028785,0.035378550882028785,0.035378550882028785,0.0005,False,
TB3MS,documented_reconstruction,pre_window_lag,slope,0.992,0.9916216245667444,-0.0003783754332555844,0.0003783754332555844,0.0005,True,
TB3MS,documented_reconstruction,pre_window_lag,t_intercept,0.89,0.889325053806923,-0.0006749461930770639,0.0006749461930770639,0.005,True,True
TB3MS,documented_reconstruction,pre_window_lag,t_slope,153.18,153.18187679887433,0.0018767988743206843,0.0018767988743206843,0.005,True,True
TB3MS,documented_reconstruction,pre_window_lag,r_squared,0.98,0.9790542601049339,-0.0009457398950660778,0.0009457398950660778,0.005,True,
TB3MS,documented_reconstruction,pre_window_lag,mean,0.0,9.903894283164095e-16,9.903894283164095e-16,9.903894283164095e-16,0.005,True,
TB3MS,documented_reconstruction,pre_window_lag,standard_deviation,0.49,0.48552513418944115,-0.004474865810558837,0.004474865810558837,0.005,True,
TB3MS,documented_reconstruction,pre_window_lag,minimum,-4.54,-4.544783995163055,-0.004783995163054833,0.004783995163054833,0.005,True,
TB3MS,documented_reconstruction,pre_window_lag,maximum,2.69,2.689321408799241,-0.0006785912007587491,0.0006785912007587491,0.005,True,
TB3MS,documented_reconstruction,pre_window_lag,autocorrelation_1,0.33,0.3293213393346585,-0.0006786606653415017,0.0006786606653415017,0.005,True,
